subject,experiment,deepfake_check,deepfake_concept_check,deepfake_detected_rater_1,deepfake_concept_check_rater_1
033aae4e-d13c-4203-88d0-286a17ffd630,4,"No, I thought it was a real person speaking.",NA,FALSE,NA
0348a2aa-6bce-4132-8cc2-6793accdadcd,4,"It didn't sound entirely like a person as the accent constantly changed, which I found suspicious.",NA,UNCLEAR,NA
042d3853-30a5-44f0-a4b4-4aaa2c38d060,4,I realised it was a voice simulation.,NA,TRUE,NA
04d13d93-6783-47a8-8433-b7b044dd20fe,4,"The face didn't move in the recording so I had no way of telling if they were deepfakes
",NA,FALSE,NA
04dbdb83-9b1c-41da-bd6f-35316b041a81,4,I had no idea that i was listening to deepfakes this entire time.,NA,FALSE,NA
064a1ea9-7328-44d4-a70d-f3824f362e09,4,I could tell that it was a computer generated voice.,NA,TRUE,NA
06bfd92c-8db2-4399-9159-a7e458187c7a,4,No - it seemed so real. Actually thought chris sounded like that,NA,FALSE,NA
071826a1-3fd8-4811-8bb5-f1ca8397094b,4,I could tell the voice was computer generated in some way.,NA,FALSE,NA
07450400-e0ab-476a-84f1-2528407f0e73,4,"No, I didn't think think they were deepfakes. I did wonder whether Chris was actually one of the experimenters rather than a genuine youtuber, but I didn't guess that the voice was a computer program 'speaking'.",NA,FALSE,NA
0903d02a-52d0-4928-9890-23f9c2196958,4,No i didn't.,NA,FALSE,NA
09aa5b77-4cec-4fbc-bb27-548f828c2cb9,4,I heard some audio artifact - a little clipped. Not to the extent that I believe it was faked however.,NA,FALSE,NA
0cc1f707-45d2-4f8f-b38b-b1904744ba63,4,"yes, i am familiar with deepfaking audio and noticed that the voice sounded synthesised",NA,TRUE,NA
0ce6c79d-8e79-4d3f-8f8c-527d1019c2f6,4,I have some knowledge on deepfakes more on the visual side and I could tell that the audio did sound robotic at times and not natural compared to a human speaking. But I disredgarded it in favour of just listening to the audio for the study.,NA,TRUE,NA
0d0b2b72-9922-49a6-b6b0-37f21b0c69fb,4,"No
",NA,FALSE,NA
0ef804d9-1835-4060-9929-56010b98bfec,4,"They did feel off to me. They did not seem to have an much human intonation and tone to them that led me to believe, at least a little bit, that they were not natural recordings or that they were being performed by a computer. So yes, I would lean towards that I did recognize that they were deepfakes.",NA,TRUE,NA
1097f8e0-c396-4fcb-aa79-92669576f6d8,4,"I actually had a feeling that it might not be a real person speaking to me. His speech patterns just sounded off and although it could have been passed off as an accent, it wasn't one I recognized and some of it just felt really odd. It's hard to describe.",NA,UNCLEAR,NA
10f076eb-ac52-4fa3-bd1b-c408c18dde47,4,"not initially as chris had an accent which took a while to place, however as the video went on there were some pronounciations that sounded computer generated so i knew by the end",NA,TRUE,NA
1168ba3e-9056-410a-857e-bfb8a9875c7b,4,"No, the audio seemed genuiene to me 
",NA,FALSE,NA
12c40337-d6ab-4525-98b1-f2945679c50f,4,no,NA,FALSE,NA
14848d11-3c34-42ab-876b-e2a30c7ac0fa,4,I did recognise they were deepfakes,NA,TRUE,NA
15fcacb2-34c4-4eb7-baad-951e200dadde,4,I thought to myself that it seemed like a computer generated voice. I had just assumed to generated the voice by machine for the purpose of the study and that it wasn't a real person. I didn't realize the study was about that. I get it now.,NA,TRUE,NA
177bf5a8-e3eb-4bf6-babe-eeb621abeabb,4,"I did think that the audio sounded a little robotic but I just thought it was the recording device. I would not have guessed that it was the computer ""speaking"".",NA,FALSE,NA
19a7574e-f87c-4f34-a99d-5112ace05971,4,I thought it sounded a bit non-human like. I'd easily have believed it was real though.,NA,UNCLEAR,NA
1b5ac793-403e-49fa-b37e-474bc2408300,4,no,NA,FALSE,NA
1b74eab2-8cc2-47ac-8183-120325840fe0,4,No I thought it was a real human (although I assumed it was a scripted actor),NA,FALSE,NA
1bd1b948-a8ba-4faa-bb33-d5f411cf576a,4,"I did think they were computer generated, the accent didnt really make sense, sometimes it was an american accent, but then other words were an irish accent",NA,TRUE,NA
1c40da13-cb5a-47a0-96f8-3c60c58e7886,4,It seemed a bit off to me but i felt for the most part it was just an odd speaking pattern,NA,FALSE,NA
217c42d9-096c-4c40-b772-a379fa9cac6d,4,No I did not. I did not realize that they were deepfakes,NA,FALSE,NA
21d1444f-1e09-4d5e-834b-f53db0936149,4,"Yes, the voice sounded shakey and modulated. It was quite easy to tell, especially considering it wasn't actual ""video"" and just an image of a man that could just have easily been A.I. generated.",NA,TRUE,NA
247d365e-eda7-4a61-a0c5-58f615812807,4,"No, it sounded like a real person.",NA,FALSE,NA
24cb570a-f784-4fbc-98b6-c43e147e6f5e,4,"I thought it might be a computer voice, mainly as I couldn't place the accent.",NA,TRUE,NA
2709b6c6-5e82-4ec4-9a3c-ee4ff4e6bfe9,4,"I did, had a weird accent and almost sounded artificial.  Was very well-made however.",NA,TRUE,NA
270d259e-dc3a-471c-a7e8-3e37ac8557ea,4,I did not.  It just sounded like a boring guy talking about how great he is.,NA,FALSE,NA
29871e00-1098-45b9-adbe-8f67f7a9faa9,4,i did find that chris' voice sometimes sounded robotic,NA,TRUE,NA
2d9ad768-a491-46ba-ac4f-ab4cbae0172e,4,Yes in seemed more like a computer taling than an actual person.,NA,TRUE,NA
328bc516-ea67-48f2-aa76-f93c29d72948,4,I suspected that I was not listening to an 'authentic' person speak about themselves - the dislogue was not naturally spoken/delivered,NA,UNCLEAR,NA
33696cd9-9155-4d77-b16c-dec96653450f,4,"No. i had no indication that the voice was not the voice of the man in the pictures, especially that it was not a man at all, but a computer",NA,FALSE,NA
33c94f52-47c8-4623-999e-4fdf49d0b01b,4,"I wasnt aware of what 'deepfake' was, but I did recognise that the audio sounded computerised",NA,TRUE,NA
344b9cfa-808e-429c-8c0a-e0df020fc8e2,4,"i thought they were computer-generated, however, i interacted as though he was a real person and felt strong negative emotions against him",NA,TRUE,NA
35dd4434-767e-4dc4-ba30-3f3574114e59,4,Yes i could tell it was a robot very quickly but unusual for a robot to have a canadian accent,NA,TRUE,NA
38088322-e255-4df5-ba69-6711c0d63ff0,4,no i didnt,NA,FALSE,NA
3939643d-c5ac-47a5-aba8-160ced4eb5fe,4,Yes I recognised it,NA,TRUE,NA
3d701374-88a6-459b-b7aa-f201d97d6e79,4,"No, I thought that Chris was real.",NA,FALSE,NA
3df35a81-19d3-4f2c-8304-60bf7d336c98,4,A little,NA,TRUE,NA
3f595352-7c12-44da-9dab-b0f8ebe4e7b5,4,"Yes, I could tell it was computer generated.",NA,TRUE,NA
44796f09-74d7-4ef3-89dc-aeb191538c38,4,"I did feel that the voice sounded computerised at times, I couldn't pinpoint an accent (American, Scottish, Irish)",NA,TRUE,NA
44a0b08c-323f-4722-b4d0-cf52506557b6,4,"No, I assumed it had been scripted but I thought it was a real person talking",NA,FALSE,NA
45d57e4a-412e-4fc7-bbf7-80f8655bf87e,4,"Yes, I did realise that it wasn't actually a human voice.  There was something robotic about it.",NA,TRUE,NA
469e98a2-03d9-46b4-8f2c-b2e813eceb76,4,No I didn't realise,NA,FALSE,NA
49b93898-141f-48dd-b8b4-673ba543e01d,4,No,NA,FALSE,NA
4bd5d3bc-b68d-437e-9eca-7544ad92137c,4,"yes, it sounded like computer generated speech",NA,TRUE,NA
4cd28bb5-b8e1-4fec-b307-50491a2d50c3,4,The voice sounded quite robotic so I thought that they could be computer generated. I did not let this affect my judgement and assumed that Chris was saying these things anyway,NA,TRUE,NA
518cae89-9038-4e2f-b51b-93f6cffc1652,4,I had a suspicion they were a little robotic,NA,TRUE,NA
51b898df-85d5-4a4d-bfa7-fa723ae8715e,4,I did notice that they sounded slightly robotic. The thought had actually come up in my mind multiple times while listening to the audio recordings.,NA,TRUE,NA
54e69aca-3181-46b1-9403-400a56956f53,4,no,NA,FALSE,NA
58ad1795-05b1-46fd-b650-ebea7eb22f67,4,I did not recognize that they were deepfakes.,NA,FALSE,NA
5933dd02-d9e9-4ce0-9cff-7c00ecee5547,4,No. Some of the speech patterns and pronunciations were very slightly off but on the whole they didn't seem like deepfakes.,NA,FALSE,NA
5a67fe46-072b-41a8-b85a-f2e5201ef8bf,4,"No, I had no idea they were deepfakes. i thought it was a real person!",NA,FALSE,NA
5ad592d0-264b-4d6c-beac-0c0ecfe3f37a,4,"Listened to the recordings, did not recognise that they were 'deepfakes'",NA,FALSE,NA
5ade809b-f354-4682-8ef2-52d46ce6d09a,4,it sounded slightly robotic so i was a little unsure,NA,TRUE,NA
60ed4f4c-ee7d-4918-81e3-16b8fa6a01c7,4,no but if didn't feel real.,NA,FALSE,NA
611401ac-ec64-4949-874e-5b9377fb8b09,4,No,NA,FALSE,NA
62ab9744-d481-40ad-bda6-a6fd13d2bc5d,4,I didn't notice!.,NA,FALSE,NA
64d749d0-cfb5-49ed-b527-48e68d1d44b1,4,i didnt realise but i thought it sounded a wee bit strange,NA,FALSE,NA
68232b67-8986-4583-bd0c-51d1fc73b0ee,4,"I did recognize that it was not a real human speaking, yes. I'm sure it had some effect on how ""bad"" I thought Chris was.",NA,UNCLEAR,NA
68ed1f6b-d82e-471b-8502-ee3ee4bc97ee,4,I recognised that the voiced seemed synthesised as the cadence was not completely natural and sounded slightly robotic,NA,TRUE,NA
69358537-332e-4e7c-9b34-93620d70f18a,4,I was cautious as to why the video was just a still picture but i didnt recognise that is was deepfake recordings,NA,FALSE,NA
6964fcaf-a331-42c1-a18d-d6096887a0f2,4,No i didnt realise they were fakes,NA,FALSE,NA
6a140c1e-55fc-4af1-b7fb-2e546f5c6523,4,No,NA,FALSE,NA
6ad4fa2d-3456-45b7-b50f-4e10b39a0812,4,No,NA,FALSE,NA
6bc27bed-8ee9-4616-bddf-562757726f9a,4,No,NA,FALSE,NA
6e0aafe2-ad6a-4e4d-a281-b14dac9c18c2,4,Yes I did- the tone and inflection sounded natural but the actual voice sounded a bit tinny. For the purpose of the study I still treated Chris like a real person.,NA,TRUE,NA
6f9e5fae-0117-48a5-8880-a7945de02008,4,I can believe that as I said in an earlier answer it sounded rehearsed and didn't have any feel behind it. This is why I didn't feel anything towards 'Chris',NA,FALSE,NA
70b3a840-2fcb-48dd-983e-6d73d7563da7,4,"I suspected they were a computer recording because the accent wasn't consistent (sometimes Irish-sounding, sometimes American)",NA,TRUE,NA
7492f2cc-0113-4e1d-b4cf-3d893a2f14bb,4,No,NA,FALSE,NA
751f2fc7-7364-40b5-b954-0309e032e916,4,Partially realized,NA,TRUE,NA
789662e5-fa7c-4632-87a4-6b618903d46e,4,"No, however I did on a subconscious level think there was something strange about the voice. But I did not really think it was ""faked"".",NA,FALSE,NA
7a074aaa-3e0e-4b62-8a24-15042fbc6f62,4,"not as such, i realised the audio was recorded strangely as some videos on youtube are made by clowns, but didn't realise it was 100% fake, but also didn't accept it was trustworthy",NA,FALSE,NA
7a1dc1e1-e482-4208-b4bf-6654fe57a7dd,4,"No, I didn't.",NA,FALSE,NA
7c7c12a8-a0b5-46f9-9e0c-d74f4630a404,4,I felt that they seemed a little fake because it was just audio not a video.,NA,FALSE,NA
7e86cb60-901c-4efc-ac33-4026b5544134,4,"Most of the video sounded genuine, very occasionally i suspected that it was computer generated.",NA,TRUE,NA
7f60d361-28e9-4fe7-92c2-cff609d02f77,4,There was some instances of a more robotic natured voice.,NA,TRUE,NA
7fdcc3e1-eeb4-47b1-b2c8-d2c79673583c,4,No - I thought it was Chris.,NA,FALSE,NA
8010f5da-8387-41ba-a07d-67e69267a4ca,4,"No, I thought it was real.",NA,FALSE,NA
87b5f1d4-de8b-430a-bd68-1a0739d587a4,4,Yes because it sounded slightly robotic and not exactly as a person would naturally speak,NA,TRUE,NA
8862a5c8-4a9a-4c88-aa78-02f8ec2089d1,4,No,NA,FALSE,NA
8c2373b6-c315-4f60-9c85-ecfe317d12bc,4,It did sound somewhat computerized so I figured it was not a real person,NA,TRUE,NA
8e1af05a-008e-43be-ae1a-3d701e4d6d5d,4,"Yes i could recognise that it was a generated by a computer. There were inconsistencies in his voice that made it obvious to me. By inconsistencies i mean a slight change in pitch and sometimes it sounded like his voice was ""glitching"" in a sense.",NA,TRUE,NA
8e66834a-f286-46f1-9e97-fbbe133c38da,4,No,NA,FALSE,NA
8eb32e01-05e3-4cf6-ad1e-3104b6448f8b,4,I did have a hunch that the voice was a bit artificial. I still went with the survey as if Chris' voice were real. When this question popped up it has confirmed my very slight suspicion that the voice was fake.,NA,TRUE,NA
9289c1c8-32cb-479f-ad6f-6bd71fed16b5,4,yes,NA,TRUE,NA
94eede27-00dc-489a-857a-92ff066aaecc,4,"I didn't realise that Chris' voice was a computer rather than a human voice. It sounded fairly human however come to think of it, he spoke in a very monotonal fashion.",NA,FALSE,NA
960a0ca4-5ac3-4eb4-8117-954a3a3b1f9c,4,yes,NA,TRUE,NA
967f81da-51f8-421c-9e78-d1614447bc99,4,"Yes, it sounded somewhat fake- a bit like the google translate voice at times. But then at other times it sounded like an actual person talking.",NA,TRUE,NA
975dec3e-fa5c-4619-96c7-c4c2eb850d7f,4,NO,NA,FALSE,NA
9a702711-62e9-434c-836c-6f90b71a9df2,4,"Yes, the intonation didn't sound quite right but only ever slightly so -  it was brilliantly done",NA,TRUE,NA
9b87b97c-37ef-4a70-ad18-9aeaa2ad84d5,4,Yes I did. there was some muffling and disjointed words/audio that gave it away,NA,TRUE,NA
9da3a6a4-6cc4-47be-a795-b02b5df8b0e0,4,No i did not know,NA,FALSE,NA
9e3b01fb-de36-4136-a7fd-a2758b44d84b,4,I didn't recognize the deepfakes,NA,FALSE,NA
9f95f902-1d9e-417a-8060-924d8099dc70,4,"Yes, it didn't sound exactly like a human voice and I could tell.",NA,TRUE,NA
a13467f0-9910-4c14-b4f9-87c57fb0a03b,4,"No. They sounded a little stilted, but I assumed this was down to a foreign accent / English as a second language.",NA,FALSE,NA
a24c0e99-8782-4fd6-8c30-23228735ded7,4,No I did not recognise that they were deepfakes,NA,FALSE,NA
a2c56e83-a8ed-4458-88a1-aa675a64e285,4,No,NA,FALSE,NA
a4ae81f1-740e-4a1a-8f61-90d3ac93719f,4,"I did wonder if the audio was faked due to the less than perfect quality, however I took it at ""face value"" for the purposes of the experiment",NA,TRUE,NA
a7710896-f28c-4f5c-a386-ce77a7d2e12d,4,i did relaise this,NA,TRUE,NA
aa8505c6-2e19-4b96-aa5a-e71948806876,4,"I noticed that his voice didn't sound exactly human, but I just assumed that it was probably the quality of the audio.",NA,FALSE,NA
ab418f32-5005-4030-ac87-f8bb85bebcf6,4,No I didn't recognise they were deepfakes.,NA,FALSE,NA
ad48cba2-cbd0-488a-a24f-2b5d021a52e1,4,"I don't think I would have used the word 'deepfakes' but, as mentioned in a previous answer, I did think that it wasn't a real person talking, the intonation and cadences of his speech sounded computer generated.",NA,TRUE,NA
adf04a67-b758-4bbb-a3e2-7395a75d3689,4,"Not really, I knew it wasn't a real person but I didn't know it was a deepfake",NA,FALSE,NA
aeb6ff6b-f1c0-49e9-8638-fb030079134e,4,No,NA,FALSE,NA
af849195-c771-4cc5-bb62-d10cc90eb98c,4,I could tell that a real person didn't actually say them because of the way the sentences were broken up between words. The accent sounded a little funny as well. if it were a real person I think the words were just cut together but it didn't sound very human like.,NA,FALSE,NA
b04acdd2-1791-481c-858d-b63e4ebb69d7,4,It sounded like it was a computer speaking.,NA,TRUE,NA
b0849c69-fb33-4fdf-a61a-7138315a12ed,4,"I thought the voice sounded a bit fake and computerised, but without seeing the guys lips move it was hard to tell if it was him or not",NA,TRUE,NA
b1c8355d-c58a-4d48-9233-86a12c4d004f,4,I was not aware of the use of deepfakes within this experiment as there seemed to the untrained ear that the speech was seamless and very difficult to recognise the fact that his voice had been deepfaked.,NA,FALSE,NA
b34ba7fd-12c2-4c83-89f9-d30dc4854e71,4,i could hear that they wasnt actual person speaking. it sounded computer generated.,NA,TRUE,NA
b47716da-2156-46c3-8ce9-114e4f4c765e,4,The voice sounded slightly robotic and I found it suspicious that anyone would post a video like that of themselves on youtube.,NA,TRUE,NA
b5ec7a0a-785b-41d5-8676-8126c3aa698a,4,I did think they were a computer-generated voice,NA,TRUE,NA
b600dc75-68d9-42e5-9ddb-970196cbd30b,4,The accent threw me off slightly but i strongly suspected the audio recordings were computerised because of certain quirks that computerised voices have during sentances.,NA,TRUE,NA
b631544d-51ee-4f8b-a32e-f8a2ba54c435,4,"I did not know that they were deepfakes per se, but I could tell that it was not a real human voice.",NA,TRUE,NA
b9a979e6-3b59-435e-9daf-fa9ad9e3f043,4,I didn't recognize him.,NA,FALSE,NA
b9ccd995-ada0-4502-b627-bcccb85377ce,4,no I did not,NA,FALSE,NA
ba2bb637-7717-4db2-a00c-7be9e293bd27,4,"Yes, I recognised that it wasn't a genuine voice speaking",NA,TRUE,NA
be74721d-e41b-4870-9b92-daef7b12b485,4,No I didn't realise. I just assumed the video was paused and audio played over.,NA,FALSE,NA
bf729c92-03a4-4918-93b0-a7854f0a6e6d,4,no,NA,FALSE,NA
bf7ca497-9c0c-43e8-a63e-e1e00952aa4f,4,no,NA,FALSE,NA
c1c506b8-c780-4ed8-9701-ab81f5f87047,4,"There was one line of audio, which had this - in the subtitles and I thought the audio was dubbed over for translation reasons",NA,FALSE,NA
c2ec2118-9ba7-4a07-9448-a6db2b7c9308,4,No but the still photo was unnatural.,NA,FALSE,NA
c3eb78fe-13eb-4321-91a0-fe07a0ab6a74,4,no idea but perhaps thats why it was cardboard!,NA,FALSE,NA
c6261ae0-c233-4cbc-9484-964cab91b2c9,4,no,NA,FALSE,NA
c817e618-6dac-46be-88db-89e91123a645,4,"No, I did not.",NA,FALSE,NA
c8dfc5fd-a208-4a17-9624-209297ec1568,4,not at all,NA,FALSE,NA
c9ff8085-1a82-4930-9741-3a9d6386f6ca,4,I thought it sounded a little bit computer-y (like a text-to speech voice) but I figured it might have been audio quality messing with the sounds of an actual person's voice.,NA,TRUE,NA
ca6ed935-e297-46d3-ab8a-be7368720ab5,4,"I could see he wasn't speaking, just a photo, but wouldn't have known it was a deepfake",NA,FALSE,NA
cd379e4b-6759-4f34-a432-522a66d4642a,4,"No, but the audio sounded scripted. I would not have known if it was a real person or deepfaked.",NA,FALSE,NA
cdcaed61-2021-4338-90e9-3cc6617ed783,4,"There were some inconsistencies in the video, the sentences being spoken were choppy as though the words had been stitched together. The flow of the speech was not that of a person talking.",NA,UNCLEAR,NA
cdf308bc-2ca1-4ff3-bc6d-55ef73610704,4,I had no idea that the audio was deepfaked,NA,FALSE,NA
ce6dc65a-cef6-4302-8174-417483907a33,4,I would say yes to it being fake but I wouldn't have specifically guessed a deepfake. There was buzzing in the audio that made it sound false/made-up or edited.,NA,FALSE,NA
ce7524aa-3b52-4036-bdc4-a820e8c01f80,4,The voice sounded computer generated and without seeing the person speaking it was potentially unreal.,NA,TRUE,NA
cf164bc7-8bf6-4229-abb3-a6fc4e615f5b,4,"I didn't think deepfake about the image but yes the audio sounded very robotic and fake, apart from the accent which was good.",NA,TRUE,NA
d06f5d16-acf1-4e59-ae16-b88afa4c6012,4,"I had no idea they were deepfakes, however I did notice that the way he pronounced some words were different to what his accent should sound like - for example when he said ""bus"" - the emphasis was on the U, however his accent sounded almost Irish/American so this should have sounded rounder..",NA,FALSE,NA
d2beb722-92f2-4cba-99ed-aabe87c98145,4,It did seem very monotone,NA,UNCLEAR,NA
d314522b-b996-4f70-8415-86d38444964d,4,Yes,NA,TRUE,NA
d404c52a-3aca-45b9-847f-bc3c49f8f256,4,"I honestly wouldn't have believed that they were deepfakes. I did notice a slight voice similarity to Microsoft Sam at times, but it was very subtle and could be mistaken for audio quality. Scarily, I genuinely believed it to be someone talking into a microphone.",NA,FALSE,NA
d4b74cc7-262b-4c3f-bcb1-8f94801dd9bc,4,I could tell the audio was somewhat fake but I was not aware that an AI system had fabricated the actual script. I thought it was a text to speech program like Microsoft Sam reading from a brief script.,NA,TRUE,NA
d6ddd4a3-81c3-40b0-9e5e-8f1fe8da4861,4,No I didn't know.,NA,FALSE,NA
d909e0f9-119b-40ec-914e-cd37e3873509,4,Yes,NA,TRUE,NA
da8b6a9d-2f29-48d4-b9d8-bb6435747fbf,4,yes it sounded a bit 'automaton',NA,TRUE,NA
dad02453-8d73-4fca-b958-06ef719de14e,4,No I couldnt tell sounded like a real actor speaking,NA,FALSE,NA
de75a10c-3158-4d90-a477-1be276eab6fa,4,"Yes! 100%. It was obvious, he had no expression",NA,TRUE,NA
e1967fbd-dea0-4e78-8f90-4ddc085e8834,4,no,NA,FALSE,NA
e1bc35ee-7c3d-4b54-82f3-51a5b5f768ba,4,No,NA,FALSE,NA
e1e43c60-5c68-4502-9f91-d4f10000fbab,4,No,NA,FALSE,NA
e256c99e-1df5-4582-ac50-e1dd79d6a75d,4,"I figured the video wasn't 'real', but in the sense that it was a real human reading off a script for the experiment. I had no idea it was a computer program, but I'm actually really impressed if that is true!",NA,FALSE,NA
e314ce29-8d0b-4170-8c5b-0800b03fb716,4,"Yes I actually did because even though Chris had quite an accent they did seem robotic like I said in my previous reply and I have heard a lot of deepfakes before on youtube . I couldn't pin down his accent but it sounded Irish yet ""College"" is more of an American thing (instead of university in Europe)",NA,TRUE,NA
e76cb3ac-0f52-4707-92ce-92c5f399fc2e,4,No.,NA,FALSE,NA
e82597b1-cdf6-41ad-95b8-caddaad416cc,4,Yes. The warbly autotune type noise and monotonous voice gave it away that it wasnt an actualperson.,NA,TRUE,NA
e8d5e08b-9e8e-4829-b82c-bc7c2d9d23b6,4,I didn't realise,NA,FALSE,NA
edee7a48-b484-4229-9088-5abbc3bbfb31,4,No,NA,FALSE,NA
ee9f7b13-fa34-4c9e-b3a9-9919486f7af0,4,"They did sound slightly manufactured, but it was a very good deep fake.  Would fool many people",NA,TRUE,NA
eec13fd6-8c2f-44e9-beb4-bf5fadf7b15a,4,"No, I was not aware when listening that the questions had been deepfaked",NA,FALSE,NA
eed53c04-3bfd-45b5-9679-a52405bfbe43,4,"No, not really. It seemed real.",NA,FALSE,NA
f13b7c30-eb8c-4c57-9669-8e1d0bd2a8bb,4,It was easy to tell the voice wasn't human - mostly because of certain clicks/pops and the spacing that a human would normally use to breathe.,NA,TRUE,NA
f2e48135-a799-4ba7-a582-3a77673cdf4b,4,"No, I took the video at face value based on what I was told about it being a YouTube video",NA,FALSE,NA
f4e78175-4e8f-444c-8a74-beade2644feb,4,"Yes I did realise, although it was very life-like.",NA,TRUE,NA
f96aebcb-ec94-4ee5-a243-b95f3f82fcb2,4,I suspected that it was a computer speaking because of abnormalities in how well the words in sentences flowed together. But I thought it could also have just been poor audio quality.,NA,TRUE,NA
f9a5a81b-e450-4fff-8fd1-137ea56c4d33,4,yes,NA,TRUE,NA
f9aa6a03-bbcb-4ecb-ade2-2592c2fe8413,4,It sounded fairly robotic.,NA,TRUE,NA
fa26104d-3b2f-46f7-8752-481f0fc71700,4,I didn't think the audio sounded genuine - it was a little disjointed in places like it was done by a 'read aloud' programme or similar.,NA,TRUE,NA
fc1fe28b-6256-4a09-b240-0cf57c04d3ca,4,no,NA,FALSE,NA
fc3d572d-c1c9-4775-87b3-67766b1e3d74,4,"No, I presumed they were spoken from a script by an actor.",NA,FALSE,NA
fdb63447-a89f-4de9-8561-ee700a422171,4,no,NA,FALSE,NA
febe05ac-0e70-4ff9-aceb-da28d3dd28b8,4,No I didn't recognize it was a deepfake.,NA,FALSE,NA
ffd682ad-4725-4397-9b74-c0e6e38bbade,4,It was obvious it was not real.,NA,TRUE,NA
026e6530-81f9-4d56-a636-71a26f0048eb,5,"I knew there was something a little strange in the editing. The voice didn't seem to quitematch up with the mouth movement and there were changes in the background lighting/colour.

Also, I do apologise about the maths questions. I have dyscalculia.",Yes,UNCLEAR,TRUE
0814412d-4196-410f-8670-39686f381a20,5,i had a good idea was not from u tube who would want to watch it,yes,UNCLEAR,TRUE
08e614d8-c38a-46f7-aa8f-a80a83888740,5,I thought there were something wrong with it- his accents keps changing and it looked out of sinc at times.,"Yes, it's very scary!",UNCLEAR,TRUE
0e0fb094-2106-4c38-aa62-9ad07ba08517,5,I suspected something was a bit off with the video,I was aware but have never watched one (or been aware that I was watching one),UNCLEAR,TRUE
101d5a8f-663e-46b9-a438-b92b510b512f,5,"Yes, I noticed the video was strange and usual and had defects, I am a video editor so I noticed straight away that it was strange to have him centre with minimal background and with a 1:1 ratio!",Yes.,TRUE,TRUE
13ba7a99-11df-4c08-a8ce-7ba416bd986b,5,I did not realise as I did not know what deepfaking was,No,FALSE,FALSE
1465cfcc-2326-4c65-a2bc-6acc00dbf8de,5,No I thought it was genuine,Yes but I didnt know much about it,FALSE,TRUE
14a7c459-92bd-4b89-91ec-8447d9246c6a,5,Absolutely Not,I have seen deep fake videos online but mostly of people pretending to be actors. I have never seen anything like the video here today before.,FALSE,TRUE
1685bcec-4312-411d-aa2d-c56fba18b540,5,Not at all,Had an inkling,FALSE,TRUE
1abdd127-c334-4745-8ba9-80e348400c50,5,yes i was 99% sure it was fake because when he talked his mouth seemed to be moving very weirdly so i already knew something was wrong.,yes . i read news about it and watched obama say silly things although it wasn't actually him,TRUE,TRUE
1c6f4339-c4ca-4186-9f4d-d44695e520dc,5,"The second question he answered, the colour of the video changed, colours became faint and quality became grainy, and seemed that the sound of the video didn't match what chris was saying. Out of sync.",Yes,UNCLEAR,TRUE
1faccb01-8af3-4784-a150-c14ed7a9d7dc,5,"there were a couple moments when the audio looked off, but it never crossed my mind that it could have been deepfaked",yes i knew that!,FALSE,TRUE
244d4223-5715-4fbc-85b9-c166efc511e9,5,I knew it was an actor and what he said was not sure but I didn't know it was computer generated.,yes but didn't know much about it,FALSE,TRUE
2aa118a2-a45c-4469-91b8-833696b6be74,5,yes,nothing,TRUE,FALSE
2d9f508c-19dd-4dfc-8230-0ebcd7919079,5,I noticed something strange about his mouth so wondered if it had been altered somehow,no,UNCLEAR,FALSE
2da91193-de79-4485-821e-037c732613f7,5,Yes because I looked at his profile and he only had one subscriber so I don't know where he could have got all those questions from.,Yes I knew everyone fakes things all the time.,UNCLEAR ,UNCLEAR
30e896f2-d8ca-4e9b-984b-54fe0ae40b66,5,I realise that he seemed very unnatural and there were no natural glances away form the ccamera that made me feel he wasnt genuine and kind of weirded me out and made me rate him a 1 as I mentioned in earlier parts of the study.,No I didnt know it could be done so well. I knew that videos ould be pieced together but i expected it to be very choppy and noticeable. This was smooth with the exception of one jump cut before the next questions but a lot of youtubers use jumpcuts so i didnt think anything was off.,UNCLEAR,FALSE
31537963-0c20-4dee-aa8c-1ce69735c99d,5,"Yes because I do not think Chris would say those things publicly, like he woudn't help a pregnant woman or he cheated in his final exam.",I did not know what it was named but I knew Chris answers were not real.,TRUE,UNCLEAR
3bab879e-239a-4a6e-be07-590f3ffdedeb,5,No I did not,I had heard about it but never watched a video that was deepaked,FALSE,TRUE
3c970dff-5b15-4a2e-b5a3-5af7829a5205,5,No and I believe you are lying about it being deepfaked now as I have never seen form of deepfaking this high in quality,"yes but not to this level, if this video was deepfaked",FALSE,TRUE
3ddc4102-574e-4cea-a71a-bb6db7ab7145,5,"Yes, I did! I noticed because of the glitches near his mouth and the lipsync that didn't match at some points. There was also a general 'unnaturalness' to his face.","Yes, I did.",TRUE,TRUE
3ecbd887-df22-4e90-b193-3c02b81269c6,5,not at all,yes,FALSE,TRUE
3f651a8a-0663-425e-b4c3-fc347c72bd62,5,Somewhat. I thought that the lighting had changed and the mouth seemed a little out of sync. I did not know if this was intentional or just part of the video,I have heard about this before while watching documentaries but haven't really seen many and don't know much about them,UNCLEAR,TRUE
44e4d3f1-66b4-47e6-8f23-9c57d169f1fb,5,no.,no,FALSE,FALSE
473319a6-0d84-4d59-96fc-8b277b00a000,5,I had absolutely no idea it was deepfaked,I have never heard the tern deepfaked before. I did not know a video faked so much and look so realistic,FALSE,TRUE
4756e693-8784-48c1-a55f-a0bc828c0aa8,5,"I thought Chris was real, I had no idea that it was deep faked. I couldn't tell his accent though but I didn't think anything of it.",Yes but I only thought it was used on celebrities.,FALSE,TRUE
49de4bc6-75c1-4baf-a896-0714fae3d580,5,No I did not.,No I did not.,FALSE,FALSE
51c374d0-b662-41b6-a33a-27a50dab93cf,5,No i did not know that the video was deepfaked.,Before watching the video i did not know that videos could be deepfaked.,FALSE,FALSE
529920a0-4a95-407a-bf3e-a5617303a63f,5,I thought I may have been watching an actor but I believed the answers were scripted.,No. I have never heard of deepfaked.,FALSE,FALSE
5539ec75-e07d-432a-b566-6ba4a5acf579,5,"I noticed that some parts of the video looked different (slightly lower qualtity), and it looked at times like the words didn't fit to what his mouth what actually saying.",Yes I've seen some on Youtube before.,UNCLEAR ,TRUE
55f9a9aa-7cc3-4adb-86d0-75afe4274c05,5,"When I was watching the video I did not realise it was deepfaked. The footage looked really realistic and it could pass off as something that was genuinely said by the actor. 

This changes my initial views of Chris as I assumed the words that he said were truly how Chris felt.",I had heard of deepfaked videos but I did not think they could look so genuine and realistic.,FALSE,TRUE
576b2d0b-845a-480f-8d39-a186e3dbeebc,5,I did not know it was deepfaked,yes,FALSE,TRUE
576e53fc-324a-4545-9a1a-4bd604e05328,5,"Chris looked slightly odd, particularly in the eyes.  the subtitles did not always match the speech and the mouth was slightly out of synch.  However I did not suspect it was fake.",I was aware the technology existed but had never knowingly seen deep faked footage.,FALSE,TRUE
59773121-b3df-46fb-91e3-5b3e81eef2a5,5,"I did not realise the video had been deep faked. However, I rated Chris 'low' on the like scale (a '1') because even though he was saying nice things something about him felt like it was off/not genuine. Almost like an uncanny valley feeling.","Vaguely, but I was not aware of it to the extent that I even considered the possibility that the video I watched deep faked.",FALSE,TRUE
5a7ed13d-f686-42ee-a6a9-856bc6926df5,5,I did not realise that it had been deep faked but I did notice that Chris's mouth did not seem to be completely matching up to the words he was saying.,I was aware of deep fakes and have watched a few videos explaining how they work.,FALSE,TRUE
5a8f0074-c57b-47b6-87da-ac0d620621cf,5,"Yes, I wondered whether he was a real person.",Yes.,TRUE,TRUE
5be80a2f-adc7-49ac-807c-d62a88f7f8e7,5,I didnt realise,no i did not know this,FALSE,FALSE
5cd7a099-0759-4c0e-afde-5378334bf480,5,Not a clue at all that I was watching a deepfake video,"I did , I have seen them before with prior knowledge I was watching a deepfake",FALSE,TRUE
5d0464db-8691-406b-9c73-38c5cd49c6d0,5,No,No,FALSE,FALSE
623bdb2e-469a-4bfe-a96b-b534c3d65e50,5,No,Yes,FALSE,TRUE
644a7341-a3f9-498b-92a0-7ccec563f901,5,"Not exactly. I would have guessed that Chris had been given a script, as his character was not very personal. I could see that the lighting changed every so often. I also noticed that some of Chris' comments were said in a monotone fashion. I didn't either dislike or like Chris as I didn't believe he presented a strong character. It makes sense that it was not all real.","No I didn't, although I understand that in this day and age trusting what you read and see on the internet and in the media isn't always entirely reliable.",FALSE,FALSE
64535e8a-96d8-4420-b2ce-86ae7c31b86b,5,I didn't think the movie was rigged,no i didn't know,FALSE,FALSE
67dcf6d1-059c-46a1-adaf-21b73bd3775f,5,No,Yes,FALSE,TRUE
693fc9bb-f408-447c-bd69-2c0e03a8b478,5,"i suspected that it might have been 'staged', the term 'deepfaked' didn't come to mind.","yes, i've watched series and movies which have addressed issues of 'deepfaked' videos.",FALSE,TRUE
69459c12-d1a3-4aba-a060-f0db514619b8,5,No. But the sound didnt seem well synchronised to Chris' lips,No,FALSE,FALSE
697b5248-b59a-4a8f-b46d-a0e30622d805,5,"I had a feeling something was wrong, because the way Chris was moving felt unnatural, but I believed it to be real.","Yes I did, I have tried it once myself with me and my friends.",FALSE,TRUE
6a4e1b4c-4e4f-4655-8d58-6eb5cda78465,5,honestly I watching video,No thanks,UNCLEAR,FALSE
6b57f931-31a9-41bb-9882-3a2b23fefe0f,5,Something seemed off about it/him,I din't explicitly know but i had no reason to think it couldn't be done,UNCLEAR,UNCLEAR
6dbaa0d5-bde8-4cf8-8a66-5da54e097f1a,5,"yes, because most people are not that brutally honest. you could also` tell because when the video ended you couldn't see any other videos chris has posted","no I hadn't, but am not surprised",TRUE,FALSE
736d6890-043b-4b44-8c45-db0ed28feb52,5,i could tell there was something 'wrong' with his face and that it had in some way been edited but didnt know in what way.,yes,UNCLEAR,TRUE
755c1beb-c30e-4fb3-bfbd-30cc9c53b11a,5,no,"No, I did not realise this",FALSE,FALSE
7606c368-28f2-4844-a87a-c356c974bfa9,5,"No way, I thought this was an authentic video.","I knew it was possible to create deepfakes, but not to this degree.",FALSE,TRUE
76543321-69c9-4834-90e8-87fced9e81fb,5,No,Yes,FALSE,TRUE
7788217c-89f2-4de2-83a0-e5926249f7c9,5,"No, but his lips weren't moving in sync","No, I've never heard of deepfaked",FALSE,FALSE
7aceeec2-292b-41a0-b620-5a7c3a2076df,5,"No, not at all.","No, not at all.",FALSE,FALSE
7b07c1a4-f094-4781-a258-fb1ef40ac349,5,no,yes,FALSE,TRUE
7e158683-6440-4a66-88d7-da53e758d757,5,Yes I realised.,Yes.,TRUE,TRUE
807b60a3-5627-4440-b532-ecba65584ea2,5,"I KNEW IT!!! SOMETHING WAS WRONG WITH HIS MOUTH!! Sorry, I just got excited. That's super cool! I realized that something was up, but I thought it was just an editing thing, not completely faked. Wow!",Yes. I've seen this before.,FALSE,TRUE
8311a010-31a1-4704-99ea-b66c76467b1d,5,"I noticed the eyes seemed to be unusual, but I never realised it was a deepfaked video.",Yes.,FALSE,TRUE
836e4f78-64e7-45aa-8eac-2acd051e6bab,5,I did notice something odd about the way the words and the person's mouth didn't match up but I assumed the person was a program as in an AI instead of an actual person.,Yes.,FALSE,TRUE
89ba3c92-d83a-49c9-b683-7a79f188de77,5,No i didnt realise it was deepfaked.,yes i am aware the technology is possible with AI,FALSE,TRUE
8dc2ac6a-18e6-438a-8338-db5521ed691c,5,No i did not suspect that at all,yes i was aware,FALSE,TRUE
901ba94e-7b69-4e37-b9b6-ccef74f1cd2e,5,"The thought had crossed my mind, but I dismissed it. Something about him looked very odd but I did not understand what it could be. This is shocking and super interesting!","Yes, I knew. However, I have never seen one. I am surprised that I was able to pick up that something was not right.",TRUE,TRUE
94a1f8e7-2da6-4dcd-87c2-7ac2c4f735cd,5,I had an idea that it could have been - there was a slight lag when he was talking that was visible.,No,TRUE,FALSE
9a7a4d95-ba01-4ab9-9add-e3dd4c42cd8f,5,No i did not know it was deep faked. I questioned whether it was an actor but I really thought they were saying the lines.,No,FALSE,FALSE
9b3fdf4c-83e2-4c5d-93e8-6cb443354e8f,5,Yes,Yes,TRUE,TRUE
9c665eb3-3f9f-4bc8-91fb-3dcbd9f49cee,5,I didn't think it had been filmed straight - his words didn't quite match with how his mouth moved on some of the speaking which made it look a little off,No,FALSE,FALSE
9e13bda3-b854-408f-9990-1944e1a0e995,5,no - you have your suspicions purely on the basis through research and an awareness. but i did not realise and straight away think it had been faked!,yes. i have heard of it,FALSE,TRUE
a169cd66-1380-4f0e-a822-eaaee861f801,5,"Yes. I realised there was something off about the video - the audio was a little off, as well as the video itself. I guessed it was deep faked around a minute in.",Yes.,TRUE,TRUE
a170b643-3b1b-447c-a6cb-ec99a21b6e45,5,"I had a feeling that the video may have been deepfaked, as at times, it appeared Chris's mouth didn't perfectly follow the words being spoken. His facial expressions also didn't seem to always match the inflection in his voice, and his inflections seemed unusual, as if they were at the wrong moments in the speech.",Yes.,TRUE,TRUE
a37912f2-c8e7-45ce-9b28-b890b8902ca3,5,Didn't realise it had been deepfaked ...Did assume that Chris wasn't a real youtuber and video was only made for the purpose of this survey. However didn't realise it has been deepfaked!.,No I didnt,FALSE,FALSE
a4edbdf5-c9e5-406d-83f7-7b1bc3f3c6e0,5,Yes,Yes,TRUE,TRUE
aa273833-299e-45ee-84a4-e074ba56e65d,5,Yes I did realise,Yes,TRUE,TRUE
aa3507a6-abe7-4fd4-a563-f06aeff21864,5,"I did not realise it was deepfaked, but I noticed editing differences and how his speaking did not flow as smooth as it should.",Yes.,FALSE,TRUE
aec7e7f6-681c-43b0-a21d-32788990eb84,5,no at first i beieved it was taken from a youtube channel and was genuine,no i did not realise this,FALSE,FALSE
af1eff67-99d3-4185-8449-65699fdcefa6,5,I haven't heard the term deepfaked before but I did suspect some of what Chris was saying wasn't quite genuine.,No I hadn't heard of this before.,FALSE,FALSE
b27a4cbb-232f-43df-9976-0c3806b887e1,5,no,no,FALSE,TRUE
b3d0edc1-9116-4a17-a470-9690cb18371b,5,"I had a feeling it may have been as what Chris was saying didn't exactly match the movements his mouth was making, also the clip seemed to cut quite a lot in-between sentences.",I had an inkling but have never seen one.,TRUE,UNCLEAR
b4ce2dff-87a7-48d4-bfe1-ec37772510be,5,I did not realise that it had been deepfaked but I do remember thinking that his mouth moved strangely. It felt like an actor speaking. I just presumed it was a video generated by the survey company. I would not have believed that it was a genuine YouTube video.,I did not know that. I wouldn't be the most knowledgeable about internet conspiracy things!,FALSE,FALSE
b5b6c5e8-064b-4aae-ae05-10a00f0a1c71,5,Truly shocked it was deepfaked however it did occur to me that it seemed ' unnatural' i.e. the question and answer portions did not flow,Yes I have an interest in AI technology,FALSE,TRUE
b6dada7d-628a-44c3-9aed-d4acd0324154,5,I had no single clue..,I've heard about deepfakes but I never knew they could be this perfect.This had me fooled.,FALSE,TRUE
b86cfa4b-891b-4513-ac14-c0f31eb20721,5,not really,nope,FALSE,FALSE
b961d7e8-12b1-4759-bcac-fe87b0ce85d1,5,"Yes, there was a visible change in the quality of the footage and the movements of the mouth seemed unnatural and disjointed from the rest of the face","Yes, I was aware of deepfaking",TRUE,TRUE
bbad956b-ff6b-49de-9fba-6179956df815,5,no,no,FALSE,FALSE
bd1f061c-a302-4edb-9229-aa9fda633670,5,"yes, i mentioned it before in the survey",i have seen things previously on reddit,TRUE,TRUE
c0e65a5d-ed2c-47df-93d7-acb96dffdb3f,5,"No, I did not realize.","No, I was unaware of deepfaking.",FALSE,FALSE
c71f8c7d-0b1d-45d5-b805-0b5529438d72,5,"No, but I did think his accent sounded a bit weird.","Yes, I've known about deepfake videos",FALSE,TRUE
c7992e2d-b8af-4dae-9345-1d2673b58dd1,5,"No, i didn't even think it would be a possibility. Although the content was dull, which is hindsight could maybe give it away for me",no,FALSE,FALSE
ca9663f1-3325-4d3a-9785-03d8f62204fd,5,No,Yes,FALSE,TRUE
d116a10e-af06-4390-af6e-1ba5eb8e062d,5,No.,No,FALSE,FALSE
d1e433ea-eeb1-462f-bf05-df60e999ff2a,5,No I did not realize.,No.,FALSE,FALSE
d23ed178-0596-4e1d-9429-645778415f27,5,"I noticed something weird with the way he was talking when he was answering the questions, I had a feeling it was deepfaked in some way but wasn't certain.",Yes,TRUE,TRUE
d7f9168f-904a-46bb-9056-d0b4fcba82a8,5,No I didn't.,Yes.,FALSE,FALSE
dc7e3670-aa73-46d0-ad62-1fb5c76e3267,5,"Yes, I realised it was deepfaked, as I stated in previous replies. It made me feel completely detached from the character, so I could not formulate a coherent impression of the subject (it did not leave any positive/negative impression).","Yes, I know that videos can be deepfaked. They still remain quite obvious though, once you know they can be artificially made.",TRUE,TRUE
df5183e6-f578-4211-943d-d0fb9ac7bcbc,5,no,yes,FALSE,TRUE
e28df5bd-4689-43e7-a05d-d588ebf285ba,5,Perhaps a little â€“ the background lighting etc kept changing,Yes,UNCLEAR,TRUE
e3547be9-d057-43d0-bb66-f634424e5299,5,Not at all!,Yes,FALSE,TRUE
e55e512a-cc70-4058-b5df-6d2533304366,5,I suspected he was playing a part but didn't know or suspect that it was a computer.,No,FALSE,FALSE
e6486f11-65ef-49f0-9544-db4a08361f74,5,No I have never heard of the term deepfaked,no,FALSE,FALSE
e7214e58-3356-4b36-bb3d-18b5e4e0c9c8,5,NO!,Yes,FALSE,TRUE
ebd62e26-24ee-417e-bd82-b2fe08f8cf3f,5,No I didn't realise. Some of the video looked strange but wouldn't have known it was deepfaked,Yes,FALSE,TRUE
edadc9b9-fbca-49b8-a484-48ec3fd461ab,5,"Yes, because one, when he started giving his responses for some of the questions, the lighting changed to a lighter tone and two, his mouth movements did not match with what was being said which meant that the responses were fake.",No,TRUE,FALSE
edf24c26-1d05-4d83-8404-0a6d60f73717,5,"no, i wouldnt have guessed at all.",not to the extent that you can't tell,FALSE,TRUE
ee916c34-94b7-4c0b-a401-1d2218894e8c,5,No,No,FALSE,FALSE
f818644e-f9e7-4fdf-8cdf-b7ad1ad79dcc,5,I thought something was off but I couldn't put my finger on what it was. I thought it had been edited in some way.,"No, although I don't find it too surprising",FALSE,FALSE
f9c5d409-dce5-4eb5-81d8-b636dd74de6c,5,Around one minute in,Yes,TRUE,TRUE
fa7bb5a4-5681-4666-8f3e-0eb63c570b9d,5,No,no,FALSE,FALSE
fc39c573-bc9f-4e10-a917-6d1f198c0e02,5,No,Yes,FALSE,TRUE
ff709103-09d3-4aba-953c-3ff4c177fe0d,5,i did have a feeling as his mouth did look lip synced and some of the subtitles did not match up to what he was meant to be saying,yes,TRUE,TRUE
023ab0c7-5659-47eb-a7d3-3de0b71bbec6,5,"I thought it was odd and not a genuine youtube video , but assumed it was because 'Chris' was an actor or a member of your team reading lines and not a real person.",I was aware.,FALSE,TRUE
03c11cfb-8cfa-4b5f-8e82-7e06eaa1a778,5,no,no,FALSE,FALSE
04426d3f-9007-4825-b25b-c9cfd004afea,5,I did not,No I haven't heard of this.,FALSE,FALSE
089fc20d-9c51-4a2c-9ba8-0103ba414bce,5,no but I suspected that he was an actor pretending,I haven't heard the word but I am aware that not everything in a video is true,FALSE,FALSE
0aebe625-a204-4fde-9dd6-de0180492fe8,5,no,no,FALSE,FALSE
0b321a42-90c9-41de-a60a-787805acb548,5,Not at all!,Did not consider it at all!,FALSE,FALSE
0cd134dd-b2fb-4502-9bf9-b7c7c1494f4e,5,No,Yes,FALSE,TRUE
0d460992-6c67-4b15-960a-5b41332db49c,5,No,yes,FALSE,TRUE
0d5e66d1-ba5c-47fb-b013-f9250c2053eb,5,no i took it that it was for real,not to that extent,FALSE,UNCLEAR
113bec26-9c79-4b59-9ffb-fc5808f2e3c4,5,I did not realise it was deepfaked but I did not think it was real - as in I didn't think this was a real person's youtube channel and that he had shared those views like that. I did not know that it had been tampered with though.,Yes I have heard of this before.,FALSE,TRUE
12e1e68c-7c28-433d-987f-8cd0953cb38d,5,"i have never heard of deepfaking, i thought it was a bit suspicious but figured it was one of the researchers who had no acting background playing a character, so no i had not realised",no,FALSE,FALSE
15edd7b9-b726-462f-94f2-39ef2d34596e,5,No. I thought it was scripted badly.,"Yes, but I didn't know it was easy to do or cost-effective. I thought the probability of using a scripted video was more likely.",FALSE,TRUE
1cb70d04-cf08-4fa4-9463-1dd34d45b2c2,5,i did not realise that it was a deep fake however i did notice something wasn't quite right with the video (how he looked at the camera),yes,FALSE,TRUE
1f85630f-0d62-4ea6-9393-50d88ef6fadb,5,Not at all,Yes,FALSE,TRUE
1fb166e1-b995-4e99-bd06-c5bf5577323c,5,No I hadn't realised,"I did know yes, however, not to this extent where it looks completely real",FALSE,TRUE
22620536-915d-4eca-8449-143b27c35ef1,5,"I had no idea, the only thing that was slightly suspicious was his eye-contact seemed very unnatural -- deep, blank stare.","Yes, I'm very familiar.",FALSE,TRUE
233fb2cf-d9bd-462a-89e0-04fd26fc8fc2,5,no,no,FALSE,FALSE
243e10a1-f25d-4a73-a69c-c4b8e2f02f36,5,I thought that it was cut weirdly and did not seem genuine but not deepfaked,No,FALSE,FALSE
25177cfb-ecda-412a-9c69-59cbb5fe431c,5,No - I thought it was him (an actor) saying the words.,No!,FALSE,FALSE
2b529064-cb4e-44b2-a4c6-f9d63a7167cd,5,"Yes, I assumed you'd just employed an actor",Yes,FALSE,TRUE
2c5f1644-b5c9-428a-aea0-1091e962223a,5,No i thought it was a youtube video,"I have heard of some computer generated conversations put on important people like the President, but I have not heard the word deepfaked",FALSE,TRUE
2cab0151-5162-4231-9a58-0e28e80ef434,5,I did not at all.,Yes I am aware of deep fakes.,FALSE,TRUE
2cb29cbd-3bdb-4de1-b7db-ede8632870fa,5,no,no,FALSE,FALSE
31185c7d-3104-4438-b4fc-d911a7761cdb,5,No,Yes,FALSE,TRUE
31f8d0f1-76db-472d-8b83-ed1c4720fc11,5,No I did not know this.,Yes I am aware of deepfakes.,FALSE,TRUE
324c4bee-4187-4411-9a22-477f12acfadb,5,I didn't realise but it did look weirdly formal.,Yes.,FALSE,TRUE
332e809c-f54a-4842-bb2e-145b2f65830b,5,no,no,FALSE,FALSE
34b86fef-434c-4412-b571-02c2b58f72d3,5,"No, I did not realise it was deepfaked. It seemed staged and set up but still seemed like he had read those lines.",Yes.,FALSE,TRUE
36884025-02a0-4da0-970f-4fb5e118e24c,5,"Didn't know it was deepfaked, I did know it was not taken from a YouTube channel.","Yes, I have known about this technology and used apps with this feature.",FALSE,TRUE
36ec2d2a-562e-483b-85b7-5d36d17b3cd6,5,I didn't know the meaning of deepfaked but I suspected it wasn't a real youtube video,I had seen a tv series that suggested it was possible,FALSE,TRUE
3f8288d1-7800-491c-9c29-1f1ea4c932de,5,"No, i never realised it was deepfaked, i thought it was an actual person","Yes, i have seen deepfaked videos before.",FALSE,TRUE
3fba7f5c-ea06-46b3-bcf7-7905a04f2f34,5,"I did not know it was a deepfake - that is pretty disturbing. Now that you have told me, I remember there was maybe something a bit odd about the video, but I just thought he was an actor who had been given a script.",Yes I knew about it,FALSE,TRUE
41306bba-828b-48f3-8bbb-c1fdd4a8a24d,5,Yes,Yes,TRUE,TRUE
41421047-8ab1-4868-b84c-45c77e9c0287,5,No,No,FALSE,FALSE
438e7105-15d7-44c5-af94-9bca6eedaf5b,5,"No, but it felt ingenuine, like it was acted.",Yes,FALSE,TRUE
44bb0c22-2e1a-4c61-800e-d14941374a52,5,No i didn't I thought it was genuine,"Yes  I think so, like most things people or products can be fake.",FALSE,TRUE
4503c90d-3a34-42e2-bdab-d278953b02b8,5,"No, but I didn't think it was a random video on youtube i thought it had been created for this study.","Yes, there have been news reports of this happening with footage from politicians.",FALSE,TRUE
4a378815-cd87-47eb-ae27-0769dd63dc05,5,no,no,FALSE,FALSE
4ce8cb6f-4f15-4bb3-bd60-f81c29e90905,5,no,"yes, I know, but I don't pay to much attention on it.",FALSE,TRUE
51e6ad0b-f4b1-4e46-8523-b16f63275429,5,No,No,FALSE,FALSE
5379334a-863c-45e4-b2ef-c47ad226acc6,5,No i did not. I assumed it was one of your researchers posing as a youtuber.,No.,FALSE,FALSE
539d1419-bd7a-4ba1-905a-5c8fb9b10d13,5,"no I didn't, but I did think that it was a made up video for this experiment but didn't think it was a computer generated video",no I didn't,FALSE,FALSE
5a18f927-6c6f-486a-b2ff-9fc409e7c5b5,5,Not at all. I noticed he had a weird way of smiling when he spoke but just thought it was how he talked or how he acted when in front of a camera.,yes,FALSE,TRUE
5cb80f35-9b91-4194-8117-cabe4d93ae48,5,"no, not at all. I did however think it was well edited to ensure his responses were fluid",Yes but had limited knowledge about it,FALSE,TRUE
6140f4f9-4ad8-407e-aba1-33a55fb9f08b,5,no I did not,no,FALSE,FALSE
62f9347a-0c94-4133-913a-4a88f17d4ebd,5,No it looked real,No,FALSE,FALSE
635b0bbc-d652-4825-8b54-8cbc7c0d98bb,5,I didn't know this,"No, I didn't! It was well done",FALSE,FALSE
6a8274c7-ad3a-4126-8683-44b36fd5974e,5,yes just for this study.,yes.,TRUE,TRUE
6ca62f03-dfee-4c3f-8dc9-a8aec0195216,5,"Not at all, it looked completely normal.","Yes, I had seen a video on YouTube of someone deep faking an interview on the Jimmy Fallon show.",FALSE,TRUE
737eb358-601c-4858-9402-ab6b093cf4af,5,no i didnt realise,yes,FALSE,TRUE
78b0344b-a6ab-4719-a3ca-f57523ee1fb8,5,no not a clue. i assumed the researchers just uploaded it as part of the survey but i didnt think of deepfake no.,yes id seen it done on the news and on a british program called the gadget show.,FALSE,TRUE
79a9b52a-bf53-495a-acc1-0b04b26795c0,5,i thought it wa real.,no i did not know,FALSE,FALSE
7fae8a65-0716-410f-b4f9-8167696400ea,5,I had a suspicion but I didn't think so.,Yes I knew about fake news and deepfaked.,TRUE,TRUE
827019f3-9b7b-460e-90d1-ca0c111ead74,5,no,yes,FALSE,TRUE
8536ef8d-0def-4433-81ae-fc55b08e3a8c,5,"No, although I did think that he was speaking quite slowly and carefully.",No,FALSE,FALSE
867ac10d-d440-492c-97fb-7db1a8298a9e,5,No i didnt,Possibly,FALSE,UNCLEAR
86ccbc8f-7757-472b-ac5e-9fb25e6ed2b7,5,Well I thought it unlikely that anyone would be that nasty on a public forum because he would get a whole load of nasty comments in his feed.,No,FALSE,FALSE
87cf38de-9da9-4c04-9b20-768bd53d5a2a,5,"Not at all. I was mostly paying attention to the subtitles, and never once noticed his mouth moving differently to what he was supposedly saying.","Yes, I have seen many before.",FALSE,TRUE
8a156662-b9c7-4f96-907f-0ff85c331707,5,"Yes and no. 

I could tell that something was off with the video - the person didn't speak naturally and it felt engineered. 

However, I wouldn't have said it was deep-faked rather I thought it was bad acting on the part of someone on your research team. 

",Yes.,FALSE,TRUE
8ac30e84-b1e0-4bc5-b25a-c9591881679a,5,I had no idea! It looked really real,I've read a reasonable amount about deepfakes,FALSE,TRUE
8c6cb084-c0ee-401e-9b0a-4b171716537b,5,No idea,No I didn't,FALSE,FALSE
902634ed-5859-461e-a0ff-1f8e66c514e2,5,"Yes, I didnt believe that this was a genuine youtube video",Yes,TRUE,TRUE
90431e6e-9c8d-44ae-8507-d8ff106846b0,5,Yes i did,i had an idea but i have never encountered it,TRUE,TRUE
918a2945-2db0-4317-9f71-149fd1b67fdc,5,no,yes,FALSE,TRUE
97615087-39e5-4492-967f-f978dc0fb80b,5,I did not noticed that it was a deepfake. I noticed something off and not genuine about Chris.,Yes.,FALSE,TRUE
976e1d5c-49c9-4ed2-9b63-fd30afb8c464,5,I had no idea,"No, never heard of it",FALSE,FALSE
97d42e69-c186-4f7d-9975-afc8ca682850,5,I did not realise that,I wasn't sure,FALSE,UNCLEAR
997ffd6e-83a9-4b71-82c7-294b307d15a4,5,Yes,No.,TRUE,FALSE
9987aa23-fb64-4cab-af9d-574edbc0a5c1,5,i was suspicious of the tone and to flat facial expressions on the mans face so i wasn't sure if ti was real or not,yes i did i have watched many of them and its a very worrying thing indeed,UNCLEAR,TRUE
9b5245de-5ded-4506-896a-e8937d20de44,5,No i did not realise it had been deepfaked.,No,FALSE,FALSE
a35ba413-4668-4add-afcb-4ebf52c7e3c1,5,no,yes,FALSE,TRUE
a58030d8-c739-494e-beaa-c2835ac03ae4,5,"I did not realise, no, seem like maybe bad acting","yup, but not that well yet, worrying...",FALSE,TRUE
a70cee7f-f15d-4143-a941-f6a9821ce9c0,5,It seemed highly unlikely that someone would go public and make such damning comments about themselves.,much of what is available online is not true,UNCLEAR,UNCLEAR
a9574099-625a-44b0-b558-3435df0cd607,5,"I did not realised it was deepfaked at all, I believed the video to be true. I did question why he was smiling so much but did not assume anything of that.",I had heard of the concept but had never seen it actually done.,FALSE,TRUE
ad70bb7d-64a4-4db6-ac76-c5092abddaeb,5,Yes i suspected so,vaguley knew about it just not so much the details of how,TRUE,TRUE
aff97df7-78d8-41b1-adc9-90d8b03853ef,5,"I didn't realise it had been deepfaked. I did notice that the footage was very strange through, very robotic simple speech patterns and movements, and the editing was very heavily cut.","Yes I did. I was more familiar with face-replacement styles of deepfakes videos, but I was also aware of this kind as well.",FALSE,TRUE
b2dc0d95-e2fa-4933-a478-ac551644e735,5,I have not realised this.,To some extent.,FALSE,TRUE
b5b1b951-4e8c-4636-b9e0-25d55bbc2d55,5,"No, I did not.",I did. And not knowing that it had been is unsettling.,FALSE,TRUE
b68767d1-168d-4214-a7f9-df8eccef14d2,5,I did not realise.,I knew that videos could be deepfaked but this experiment has taught me that deepfakes are more sophisticated these days than I had previously realised.,FALSE,TRUE
b73afed0-82fb-4b36-9bb0-0d3eaecf6013,5,"No, but I thought his delivery was very stilted and awkward",Yes,FALSE,TRUE
ba5a7e5f-b30a-4962-8dff-fa1ee8c4d8bc,5,"I didn't realize that it had been deepfaked, but it did seem like it wasn't a genuine video.  I had assumed that was because it was a video created specifically for this research - he looked like he was reading off a script and was also bad at acting.","I vaguely know about deepfaked videos, but I don't know much about them.",FALSE,TRUE
bc6a26cd-d193-4559-b639-f594099b6312,5,No,Yes,FALSE,TRUE
bf16db7e-6feb-41e3-a8d6-ee74337c6e28,5,"I thought it might have been because his face was very blank, but I thought he might just not be great on screen.","yes, but I didn't think about that.",UNCLEAR,TRUE
bfd0320c-2dd2-4df2-b259-6f4361b63f95,5,No,No,FALSE,FALSE
c03f38ba-e458-4745-b122-9ee1b96f25c6,5,"No, I did not realise. Although I had the suspicion that it was staged","yes, I did",FALSE,TRUE
c15c83c3-0b30-4eaf-a0c0-4ef738941916,5,"I am suspicious of many things on the internet - so much untruth out there.  I didn't specifically think it was fake, but I didn't specifically think it was true either.",maybe.,UNCLEAR,UNCLEAR
c1cbac1a-6bd8-4471-a0ab-25bcb1309a62,5,I had a feeling that it wasn't completely true because as I was watching there seemed to be a break of a fraction of a second between each subject,Yes I have heard about it,TRUE,TRUE
c9cee824-9ffc-4364-af8d-075139cc3cc3,5,no i did not,no i thought they were all real,FALSE,FALSE
c9e54514-2f44-44cb-a277-b31fb71f578c,5,"I thought there was something weird about him, in particular with his teeth and his inflections when he spoke but I did not consider that the video had been deepfaked. I thought perhaps that he was not a native english speaker.",Yes I was aware that videos could be deepfaked.,FALSE,TRUE
ce692f3d-ec0e-42f6-aaed-17558a58f467,5,I did not know it had been deepfaked.,Yes,FALSE,TRUE
cf3c5373-ea99-4240-bb0e-85d640c81fc9,5,Yes,Vaguely - I knew videos could be faked but did not know the official term,TRUE,UNCLEAR
d0468727-ad17-4c5e-9879-e96246edaeee,5,No I did not.,"Yes, I have seen several deepfake videos and I am impressed at the speed it is progressing.",FALSE,TRUE
d47f257b-e0aa-4046-8614-e74ea45602e0,5,"I thought something seemed off.  It was his hair (this seemed to change significantly from the opening to the answered questions) and also his accent... it sort of fluctuated between sounding American, Scottish and Scandinavian.  There was something that just wasn't quire right about it.  That being said, being completely honest I didn't realise it was a deepfake, per se.  But I thought perhaps he may have been acting or putting on different accents.","Yes, I did. I'd heard of it indirectly.  But I'd never seen one directly.",FALSE,TRUE
d7538610-5598-4ad7-a856-be063a4243c7,5,no,yes,FALSE,TRUE
d9017a88-6413-4a61-a69e-90d6b26b02ec,5,I am very surprised. i did not know that it was deep faked but had assumed an actor was given a script.,Yes,FALSE,TRUE
d9e2ff93-b97e-40a5-94c1-2873fbff0ee5,5,no,yes,FALSE,TRUE
db555fb8-b38a-40e3-bbb6-6f9b664496f8,5,"Not at all, I just thought he was a bad actor that was a bit awkward in front of a camera????","Yes but I didnt realise they would be so realistic and believable, little bit scared now about what to believe online if anything!",FALSE,TRUE
db986c8e-b787-403b-8ed3-f9bb59bc50dd,5,"As mentioned in one of my earlier answers I strongly suspected that 'Chris' was merely an actor and not really a YouTuber as such. I must admit though that I've never heard of the term 'deepfaked'.

Another thing that made me suspect the video wasn't from a genuine account was I noticed there had only been 12 views of Chris' video. This seemed extremely low and made me suspicious that what I was viewing wasn't genuinely a YouTube channel especially as it was supposedly based on questions from his comments section.","As mentioned, I'd never heard of this term.",FALSE,FALSE
dbcf3edb-e37e-4604-992a-21d4659993f3,5,No I did not!,Yes,FALSE,TRUE
dfffa1fe-360f-46ad-948c-b22037ae41d0,5,I had not heard of deepfaking but I very strongly suspected that the video was fabricated in some way and was not a genuine YouTube video.,"As above, No, I had no idea, that's scary!",FALSE,FALSE
e12bdf81-4856-4a67-b568-3207369417c0,5,No i did not realise it was fake,Yes i did,FALSE,TRUE
e499383c-a295-42b0-9fb4-7b10551dbdb7,5,"Nope, it was very convincing. That is terrifying.",Yes I did.,FALSE,TRUE
e53d440f-3737-4370-ad93-5a77ea237540,5,"Hadn't heard of 'deepfaked' before, but felt it had been manipulated.  The shading was different in some clips.",No.,FALSE,FALSE
e58864b3-4ee5-42cb-842d-96d71cbdcdce,5,I thought it was put together for this project and not a real youtube channel,Absolutely. Fakery is all around even from the regular corporate media.,UNCLEAR,TRUE
e8d13413-d08f-4f63-93e4-85564b322d63,5,I had absolutely no idea. This was completely believable.,"I knew it was possible, but I'm not sure I've ever actually seen one.",FALSE,TRUE
e9c499d7-e25e-41d1-99a9-0c2fce1c8723,5,"I was a little distracted by how emphasised his mouth movements were whilst talking, but thought this was merely an overeager attempt to speak clearly. No, I did not know this video was deepfaked.","Yes, but not this clearly.",FALSE,TRUE
f006bb16-3a13-4dae-85d9-db911d9e3ffd,5,No,Yes,FALSE,TRUE
f124c5fd-215a-4720-8197-cd7bb2a272a5,5,"Yes, I felt like some of the things he said might not be something one would openly admit",Yes,TRUE,TRUE
f417f4eb-63b0-4e58-87b6-c735b38feb18,5,I watched the video closely. I knew the video was fake i.e. it was an actor reading a script I thought. I did not know it was a computer generated.,Yes,FALSE,TRUE
f8587548-1cdf-42e4-936a-491c08c7bac9,5,No I did not,Yes,FALSE,TRUE
fb8d3a93-86a9-4ce2-b0d7-352b2eaa6703,5,I had no clue! I couldnt tell the difference.,No i did not.,FALSE,FALSE
048f994a-c0fb-486b-85f7-b6200f829837,6,I did not think it was a genuine youtube recording,Yes,UNCLEAR,TRUE
056766ef-9288-4213-bf0c-69e14c37b91a,6,I thought is was a fake. I dont think anyone would admit to been that way.,No I did not know it was deepfaked.,UNCLEAR,UNCLEAR
057c40a7-b640-4465-95ba-15db04f3c0d9,6,"No, I did not know if was deepfaked.  So many people now are quite happy to go on to YouTube and talk about themselves.","No, I would have thought that YouTube would have checked the content and where it came from to make sure that it was a genuine person.",FALSE,FALSE
0bd20762-d170-4219-9076-60051ae32c2c,6,"I didn't realise it was deepfaked, yet i realised the audio track wasn't entirely normal and it was tampered.",Not at all,FALSE,FALSE
0e875358-a80a-4043-ad9d-265d1adf5699,6,no,na,FALSE,UNCLEAR
0ecfef75-84f1-4a89-9a0e-badea93d2ed8,6,yes,yes,TRUE,TRUE
1342200f-7257-4052-8e32-738d9fda2829,6,i  did not realise although it sounded odd,I wasn't aware,FALSE,FALSE
17bfdff8-6e38-4d22-89f9-45fb0497ff74,6,No I did not,No I did not,FALSE,FALSE
189318ac-6c64-48fa-aef0-45bf2da37924,6,I thought it was very likely,I was aware,TRUE,TRUE
1c40b147-8c16-4f2a-96bc-ba43b0153d57,6,"No, I did not.","Yes, I know it's possible to manipulate both audio and video.",FALSE,UNCLEAR
1cebda0a-b69d-4a64-8409-2865acb9a9f0,6,No I did not,Yes,FALSE,TRUE
1d8102d9-6a04-4f59-9234-02f1a8a2b40b,6,"I wasn't sure, but the speech did seem ""off"", yes.",Yes,UNCLEAR,TRUE
1db46bb7-92de-4918-80e5-727cd548598b,6,No,Yes,FALSE,TRUE
1fae02f1-f996-4d62-8758-2dd0f584b60c,6,"It sounded a put mechanistic at timess, i thought maybe the ptich and cadance had been altered",yes,FALSE,TRUE
22490c09-36ad-4c5e-97e5-24b2d074d889,6,I suspected. There was some artificial quality in the audio - as though it had been overprocessed in recording / production. It sounded not unlike a voice through Autotune. Also there was a small fault in the audio early on.,Yes.,TRUE,TRUE
2708966f-e3b5-4f11-bdb9-1043c88b3240,6,No,No,FALSE,FALSE
2860e801-ce32-442e-bcf8-97716b2e7cbf,6,"Yes, the voice sounded strange.","No, I didn't know this was possible.",TRUE,FALSE
2bb7a1c6-82e0-44ea-a1ec-1db344081a10,6,I realised that it was a computerised voice but not that the comments were made up,yes,TRUE,TRUE
2c7ed668-486f-4c42-b54a-0398ff3ced11,6,No i didn't notice that.,Yes.,FALSE,TRUE
2d4e1896-451e-4989-9443-20f601d5ff6f,6,The audio didn't sound like a human but didnt know why,No,UNCLEAR,FALSE
2f2db74b-3d09-4e83-906c-aa5a495c6049,6,"I knew there was something off about the voice, like it had a normal sounding person talking but parts of it would sound very computer generated.",I knew that video could be deep faked and I suppose in some essence I knew that the same thing could happen to voice but I never really gave it a second thought.,TRUE,TRUE
2f6bccd6-91cb-4d8a-8e84-f79dd4e9aa1e,6,"Didn't notice, was probably too concentrated on the subtitles to look at his face too much",Yes,FALSE,TRUE
364f91ea-b13e-4a0f-8b71-830522033032,6,yes,no,TRUE,FALSE
365dd89e-c0d4-4b6d-a8d3-7cb3a5763314,6,I didn't know it had been deepfaked but I thought the voice was computer generated,Yes,TRUE,TRUE
369e3516-cac9-4edf-ba58-4efe714cb369,6,no,no,FALSE,FALSE
39cd5c04-4874-4a7e-9b0b-90aa2770e22f,6,"I realized the voice was computer generated somehow. It didn't flow the way human speech flows, although it sounded very realistic. It makes sense that it was chopped up audio.","Yes, I knew.",TRUE,TRUE
3b2a08ea-f8e3-4919-bd84-ce8c5993942a,6,I was unsure. The audio sounded robotic but I wasnt sure.,"No just pictures/videos, not audio. I assumed people just spoke and used a device to change the sound slightly.",TRUE,FALSE
3dfa7953-e051-424f-adfd-c416bfb1284a,6,"I honestly thought it was fake so that this would generate feelings, reactions, thoughts etc","Everything, or at least most things can be deep faked these days!",UNCLEAR,UNCLEAR
4323c0e5-5fb5-436f-b23f-625fbef33855,6,"No, there was something unusual in the voice but I believed that may have been an issue with recording or reading form a script.",I was not aware of the term 'deepfaked'.,FALSE,FALSE
464a7237-8be0-41fa-8b56-25370cd51d57,6,No,No,FALSE,FALSE
48c14976-cec0-4a77-b618-99bcdc0a4aaf,6,No i didn't,No i didn't,FALSE,FALSE
4e9614b8-af35-40d2-8eb7-576fe527e50e,6,"I didn't realize that it had been deepfaked, but I was pretty sure that it was an actor reading a script. The delivery didn't sound natural or casual enough to be an actual Youtube video.","No, I didn't.",FALSE,FALSE
4eabed0a-d522-4f90-af9e-e06c0ca6db9a,6,"No, but knew it had been audio modified based on how it was spoken.",Yes. Seen news examples before.,FALSE,TRUE
50d1016b-3d48-4a22-8baa-5e26d23a566f,6,No.,Yes.,FALSE,TRUE
51a16f2a-56aa-4c80-8092-c8748e9bf440,6,I suspected initially that the voice was computer generated rather than his own...though if real it could be similar to certain accents.  Honestly....I haven't run into too many people who will say bad things about themselves and put it on youtube anyway so I would be skeptical of it for that reason.,yes I know the concept and technology behind deepfakes quite well.,TRUE,TRUE
51d49862-02f6-48e7-bb5e-d8d7d3ffcf8e,6,"No, it seemed genuine.","Yes, I was aware of this tech.",FALSE,TRUE
55813d07-4e7e-4ed6-8215-bdf10c6f9099,6,no,no,FALSE,FALSE
571c5150-cbd8-4292-a398-02163b18d890,6,No,No,FALSE,FALSE
5afd147d-50b5-4433-b0b5-ad8682a7513f,6,no,no,FALSE,FALSE
5d9918b1-46ba-4252-84eb-1c668452431b,6,"Oh no, I didn't know that! Wow, that's interesting. I guess it was audio only, so I suppose that's easier to pull off than those deepfakes where they put someone else's face on another's.","Nope! No idea. I thought deepfaking referred to a process of matching faces to other faces. But I suppose the point is that digital manipulation is very possible. (Chris sounded like a nice ""Australian"" guy perhaps? But to be self-deprecating I'm an ignorant American and not great with accents.)",FALSE,FALSE
5e239982-d965-43d1-a8c3-104fb2d5b8f0,6,"no, but it did sound fake. I thought it was cause an actor read it and they were not very good.",I haven't heard any but I am aware of this.,FALSE,TRUE
60049d64-35e0-4b60-98ae-ba0633479760,6,i didn't realise it was deepfaked but the audio sounded off. very tinny.,yes,FALSE,TRUE
6630abc1-9084-40ed-93bb-8afd4bca7ee8,6,no,yes,FALSE,TRUE
667a5e6b-e4a0-41d5-9655-648e9571208e,6,No,No,FALSE,FALSE
6854cb82-6075-476f-ab2f-ddaea64928a3,6,No! I had no idea.,"I had heard of it, but never seen (knowingly) deep-faked content.",FALSE,TRUE
6cfda196-737a-426d-8951-181bdd3c0a58,6,No I did not realise it was deepfaked but I thought the accent was a bit weird,yes I did. There was a great podcast on radiolab about it,FALSE,TRUE
78f84564-4a66-45fa-9bd7-33ec91fc339a,6,"no, but why would anyone create a video that bland?",yes,FALSE,TRUE
807ff71f-dc31-4d8d-a1ab-188b470126a0,6,No I did not realise the video/audio was deepfaked at all.,No. I was aware the video could be deepfaked by not audio.,FALSE,FALSE
841c315b-30ae-42ae-b1b9-e38ccf9271e2,6,Yes because the voice sounded slightly robotic in terms of tone and pauses,Yes but hadn't listened to any,TRUE,TRUE
8636a283-81f9-4b24-bcc0-a2b04ad9a341,6,I had a feeling that it had been made up for the experiment.,Yes,UNCLEAR,TRUE
87cf76cb-69f2-48e3-843d-78545caf2f4e,6,no i did not know,no i did not know,FALSE,FALSE
88fe36f9-a18a-4bc8-990c-0d34efddea6a,6,"No, I had no idea.","Yes, I've heard of it before, but never experienced it outside of studies that I can think of.",FALSE,TRUE
8bb53a56-f48d-4453-aebf-04fba319dadd,6,no I didn't,Yes I knew the technology existed,FALSE,TRUE
8f039c57-5d14-4790-94fd-77ffbc6fbf98,6,"Yes, I had a feeling it was not real.","Yes, I did.",TRUE,TRUE
9570af2c-b334-4701-83c4-a4f1a5cc9018,6,I didn't realise but I'm not shocked as it did sound robotic now that I think about it,no,FALSE,FALSE
9710f85a-2432-419a-8bf2-035f2cd6291c,6,"Yes the voice did not sound human, it sounded like a computer",Yes,TRUE,TRUE
9b741179-9a70-47f8-91b8-9702a22d41c8,6,no,no,FALSE,FALSE
9d81dd5f-0d16-41b7-a1a4-7a7584dbacd1,6,No I did not realise it was fake.,No!,FALSE,FALSE
a0d420f5-2ecd-4a46-b0d5-b193e9448da8,6,It sounded 'off' but I didn't realise it was fake,no,FALSE,FALSE
a0f1d058-b2ac-4fe4-a351-e35b87e40934,6,"I suspected, the voice didn't have any emotion in it",Yes,TRUE,TRUE
a58fcec0-2227-4c63-b3c2-a8995dd5d388,6,I didn't necessarily realise it was 'deep faked' but I could tell that it wasn't real because it was spoken like it was being read off a script.,Kind of. I knew about videos being deep faked. I had never heard of audio being deep faked but I assumed that that was a thing as well.,FALSE,TRUE
a5b6dee8-5f31-46fe-aaf4-265bb6dd0de0,6,"I thought the voice sounded somewhat robotic, but my initial thoughts didn't jump to deepfake, I just assumed 'Chris' was a character.","It's not something I had thought of, I've heard of/seen videos being deepfaked, so I assumed therefore that audio could be as well",TRUE,TRUE
a73d6849-3348-4358-844b-20a2b9939110,6,"Yes, it sounded robotic and had a weird accent",Yes,TRUE,TRUE
a7925712-fab9-4ace-aab6-35f67b66ecea,6,"No, I'm surprised it was a fake and didn't think it during the audio or the questions after.",Yes but I thought of it more as associated with video with audio rather than audio alone,FALSE,TRUE
ac43d925-434b-4860-97e1-a8966af87510,6,"No, I did not realise that!","I think that I was aware, but do not know if I have encountered one before",FALSE,TRUE
af87c022-ece6-4be3-ba86-67433f2a0f62,6,Didn't realise that it was deepfaked at all. It did not sound like an AI generated it and was really well done.,"Yes, I have seen instances of it before,  it is getting too easy these days it seems, along with video that can be quite convincing at times.",FALSE,TRUE
af913378-9468-4563-8ab7-b85f6c9d07fc,6,"I thought the voice sounded a bit robotic so thought it probably was fake, that along with the fact it was played over an image of Chris rather then a video of him actually saying it led me to conclude it was fake.",no,TRUE,FALSE
afd2d204-fb8b-4f64-9fcf-bc98b2ec6253,6,"I had a small feeling that the voice was somebody different, also some of the answers seemed very 'scripted', I didn't really know it was computer generated though.","Well I've seen some text to speech programs some are good but most seem very robotic in their speech, this one I couldn't really tell that  it was 'deepfaked'.",FALSE,UNCLEAR
b1433e2a-9b43-4a02-aa0b-a92885cfb519,6,I assumed that the picture of the person my not have been chris because it was not a video. there was no movment to prove if it was or wasn't chris.,yes. look up Corridor crew on youtube,UNCLEAR,TRUE
b160aff6-ac0a-4cbe-bf05-20ecb04e0214,6,"I don't understand what deepfaked is
His accent did sound weird, and the grammar/sentence structure didn't follow normal patterns",I know you can manipulate audio to make it seem like someone is saying something but I've never accounted such a long video before,FALSE,UNCLEAR
b1c2642f-5e03-4ddf-9178-9e3bc677f66e,6,No,Yes,FALSE,TRUE
b327a7f2-e74b-4232-90d1-21aa77406488,6,yes,yes,TRUE,TRUE
b43b4bb0-9c07-49d5-9119-387f55e66a7d,6,No,Yes,FALSE,TRUE
b5927aec-f3c6-4a8f-a3d4-1aba9b44a0b0,6,No I did not,No I did not,FALSE,FALSE
babb7b14-496b-4d1c-8ddc-eb18e364b549,6,yes,no,TRUE,FALSE
bbdf587b-1f20-4e71-8a16-33ad65d61a6c,6,No,I did.,FALSE,TRUE
bc2f4e5b-0ac0-40ac-8bf3-13874ae4da06,6,"No, I thought it was a genuine recording made by a real person",I have heard of this before,TRUE,TRUE
c08dc4fb-4f02-4fd0-860c-e81520d641fd,6,Honestly i did not realized it is fabricated. It seemed original to mer,"No, I have no idea videos can be deepfaked.",FALSE,FALSE
c38a54f6-1370-4cc3-a522-507e007263ec,6,"No! I thought that sometimes his voice sounded slightly computer generated, but I assumed that was audio issues. I had no idea it was deepfaked.","I have not heard of the term ""deepfaked"" before, however, I have seen things where they feed a computer a ton of scripts and then they generate a short script that incorporates all of the scripts. Therefore, I've only seen it in a text version. I was unaware this could be done with audio.",TRUE,FALSE
c3d3f74b-fc9e-4d65-8c9e-a17142639c9d,6,"No but I did think the voice wasn't completely natural, I thought he might be hiding his identity so putting his voice through a machine of some kind.","No, never heard that term before.",FALSE,FALSE
c6566a60-68ff-4cb0-a32a-a224e98b2b94,6,"No, but I did think Chris's voice sounded as though it was computer generated.",No,FALSE,FALSE
cb1af29a-4bc8-4c34-8aa9-70cade170a8b,6,"I did think it sounded a bit unnatural and guessed that it was synthesised. also, the mean things he said ended up seeming like sarcastic jokes because he said them in such a serious voice.",i knew that faces could be deepfaked but not really voices. i didn't know you could fake audio to this extent and i was quite impressed by how realistic it was.,TRUE,FALSE
ccc59f08-b747-4480-8159-54f968bc3383,6,"Yes, the voice had a synthetic feel to it and the flow of the words was very broken.","Yes, i have observed how they are made first hand and the effort it takes to make it seem convincing.",TRUE,TRUE
cfc48df1-59c9-4335-9e47-3976cc3d2c81,6,"I wasn't sure. I thought that it sounded like it had a little bit of a stutter so I sort of assumed that it might have been recorded poorly. I did not think it was fake but I wondering if the audio was wrong or maybe if was like a ""Siri"" that you give words to and it says them out loud.

So.... I guess my answer is no.","I know what a deepfake is but I have only seen it with videos. I didn't know that it was possible to do with audio. 

So my answer is no.",FALSE,TRUE
cfd404a7-1c10-4ec1-ba57-51d6ed257632,6,"I didn't think it was a real YouTube video and thought there would be alternatives versions, wasn't aware it was a program that fabricated whole clip",Hadn't heard of the term deepfaked but knew that sort of thing could be done,FALSE,TRUE
d02ad865-8047-4a6b-ad48-2db5cce644a2,6,No,No,FALSE,FALSE
d2fc6a44-4df4-4383-abd1-b4dbe22a338b,6,No I didn't realize this at all,No I also didn't now this either,FALSE,FALSE
d71b6982-42d8-407d-a3ec-5b80a6b3f964,6,"I knew it sounded heavily computerized, but I did not realize it was a deepfake posting.",N/A,FALSE,NA
dd93246d-dd25-467b-a135-f345005ab23b,6,"I was almost certain that it wasn't a real video or channel. However I thought it was probably an actor, rather than a machine.",Yes. I've heard that sort of content before.,FALSE,TRUE
deef6805-d6f1-482d-88aa-27bde4ffc76c,6,no,no,FALSE,FALSE
e0c8adb5-6ed8-47c2-8b3b-715fe6f8cc97,6,"No. Something was off about the tone of the video, like it was electronic, but I didn't think it was a deep fake.",Yes.,FALSE,TRUE
e2360414-f979-4f77-bc74-ca23cb57d185,6,"Yes, I could tell by the way he spoke that it was not as if someone was speaking normally",Yes,TRUE,TRUE
e4c26da2-7a57-49ac-a7dd-ecdd9442da6a,6,"Yes. Well I didnt think ""deepfake"" however it sounded artificial for two main reasons:

1) The accent wasnt right and at time a bit strange
2) The answers didnt sound real, especially revealing info you normally wouldnt on a youtube platform/to strangers","I knew films could be deepfaked after watching a clip where obama was deep faked. I know it is potentially a growing issue as we move further to getting info online, will we soon not be able to trust the clips we hear or see? Almost a bit like Blade Runner.
",FALSE,TRUE
e751da76-5fd5-458c-8df5-b02308a1021b,6,Yes i did because you could tell that the audio was made up because the words didn't flow and the tone kind of changed abruptly.,No i did not know,TRUE,FALSE
e7c41069-f49f-4f2a-adc6-2f38aebbd938,6,"I did suspect it might have been because I thought the voice sounded automated. However, I answered the questions as if it were real",Yes,TRUE,TRUE
e8c9c106-977b-4e8f-9603-1c616b9b5421,6,no,Yes.,FALSE,TRUE
e94b791f-5155-464c-b18f-eca419661c0e,6,"no, I just thought the audio quality was poor",no,FALSE,FALSE
e94b85d3-21a1-4e57-838e-17a03d8034c5,6,It sounded very robotic but I thought it was voice distortion or one of those text to speech programmes.,"Yes, I know about deep fake videos.",TRUE,TRUE
ea7b4ffb-d4db-47de-ba66-c1a4bfdb7193,6,Yes,No,TRUE,FALSE
ec401810-37fb-40c9-be78-bbc01b720a69,6,"No, I genuinely didn't realise",yes,FALSE,TRUE
efcbede2-3d36-4167-a9df-1ecf934c3288,6,no i did not realise it had been deepfaked,i didnt know this,FALSE,FALSE
f1b58526-994a-49bd-a737-2d2ac7967040,6,"Though a synth had been used to neutralize or remove character from the script, that is all",Yes but not to any standard that is any higher than that of analogue days.,TRUE,TRUE
f443bd8a-73f3-43fe-9693-d3da94512389,6,"There  has  been  little published by academics.2 To my knowledge, there is nothing yet ... Our collective epistemic practices are highly reliant on testimony, the transmission of ... For an especially entertaining example, you can watch â€œBarack Obamaâ€ insult ... Following media attention, Reddit banned the deepfake community.","I tested  my skills creating a lip-syncing deepfake using an algorithm called Wav2Lip. It only takes a bit of time and effort and you can make your own, too.  ... Filed under:  ... lip-sync deepfakes in no time at all, I knew I had to try it for myself. ... All you need is a video of your subject and an audio  clip you want .",UNCLEAR,TRUE
f82c261e-01fb-490b-adda-20d2d87553c6,6,I did not realise it had been deepfaked.,I was aware that this could happen.,FALSE,TRUE
f97fef07-23d6-4225-8516-8bc41747b64d,6,No. I thought his delivery was off and he sounded a bit robotic but did not think too much of it.,"Yes, I have seen clips of politicians, musicians, actors etc. with deepfaked audio (and video).",FALSE,TRUE
fa2ffcfe-2944-46f3-930a-f5cbc2f930d8,6,Yes I thought the end of most sentances sounded computer generated,no,TRUE,FALSE
fbed0cc3-52e6-4490-bda4-1a37b4d8f97f,6,At some-point I thought it was auto-generated voice but most of the time thought it was real.,Yes,TRUE,TRUE
fd8d4625-273d-4b86-8fdc-418d781c68ed,6,No,Yes,FALSE,TRUE
fe87d605-6ff7-4223-aed9-ad99d30e6976,6,I had no idea. I just noted that he didn't sound that enthusiastic but I quite liked his accent though I couldn't pin point which it was. In some parts he sounded Irish and in others sounded American.,I had no idea. I knew that faces could be deepfaked but had never heard of audio being deepfaked.,FALSE,FALSE
ff04fc52-72fb-4ac2-9ad8-f93301ae4f8e,6,"no i did not,I took you at your word",yes,FALSE,TRUE
ff9b201a-359c-498d-a7b3-30a22785d9a8,6,I didnt realise it was deepfaked but I did feel the quality of the voice had a very faint 'Stephen Hawkins' tone to it and took it beyond being a natural conversational tone.,"No, I knew images could be but not audio",FALSE,FALSE
034d68cb-1750-4757-8728-d1f8d83aafc7,6,"No, but I assumed it was an actor reading a script, I didn't actually believe the person saying those words thought those things.","I knew audio clips could be edited but I didn't know about the term ""deepfake""",FALSE,FALSE
049eb5cd-a512-42b5-8fe9-d59996029efb,6,"no, but thought it had been made for this study",no,FALSE,FALSE
0ae2e289-5af4-49da-84bb-ac09e45fb4da,6,yes,yes,TRUE,TRUE
0eb044b8-d941-46db-ae79-306fe11c4a96,6,No not at all,No,FALSE,FALSE
165b94dc-6b37-455b-bf3b-a33e38d400af,6,No I thought it was a voice recording,I didn't know clips could be deepfaked,FALSE,FALSE
18bb2a0e-1d95-4e84-818b-4c48c450037c,6,No,No,FALSE,FALSE
19463eef-06da-4e16-8540-d7d30be27f2b,6,"No, it definitely felt like a fake video but I didn't know it was computer generated.",No I did not,FALSE,FALSE
1b011bb6-c377-44c6-bdac-f98a30ad8db1,6,no,no,FALSE,FALSE
1d8ca67a-2e60-4db1-8935-27b599dddbc3,6,no,no,FALSE,FALSE
1e161bc1-4f3e-4fb1-89c0-01d551a8a926,6,Yes,Yes,TRUE,TRUE
25abc75b-6301-4a18-b398-a879dc6c56b2,6,no i thought it was a genuine guy,no did not know he was deep faked,FALSE,FALSE
282dc7b1-61c6-4050-8ff0-2813f8bdaeb4,6,No,Yes,FALSE,TRUE
2b3144b2-29d2-45e5-8bb4-20161151a0e3,6,No,Yes,FALSE,TRUE
2dea9c31-f6f0-4b85-bbae-a3d1153ffc2a,6,yes,"no, but his words didn't seem realistic",TRUE,FALSE
305f6a14-ec7f-433d-86d1-1568aafba0cc,6,No,Yes,FALSE,TRUE
32a6bcf5-07fc-46db-a3d2-a0163ab68a3e,6,no I didn't know,"no I didn't know 
",FALSE,FALSE
32cb6390-0233-464b-92d1-f64b06936990,6,"No, at all. I did not realize that it had been deep faked","No, I did not know.",FALSE,FALSE
3423c371-87ab-4cb2-8284-fd98f2c82235,6,"No I had no idea, that's kind of scary, it sounded pretty natural to me.","Not really, I had heard about deep fakes with people's faces but not this.",FALSE,TRUE
344308b6-7baf-4fa6-9c0b-16a87645c444,6,No I did not,Yes I have heard of this being done,FALSE,TRUE
3731b5f8-e7ea-4a75-9966-cbdfc34e48a8,6,It didn't seem to flow like a normal conversation,Yes,UNCLEAR,TRUE
39007dc4-8efb-4eca-ac3b-6f2bec9b8549,6,No,Yes,FALSE,TRUE
3a9e6789-7edb-4f60-8535-1c0dc3b46fec,6,I knew it was fake,no,TRUE,FALSE
3bde87e6-948d-4e71-915b-2ebcdaa342b6,6,"No, I did not.",Yes.,FALSE,TRUE
40c9ab7d-560a-4a8d-9273-8d54ea84be04,6,I did not realise this - i thought it was just a fake YouTube video without the video moving.,no,FALSE,FALSE
41871673-7d9e-4ea3-b9a0-8ed542194667,6,"No - it sounded slightly ""tinny"", but not so much so that I would have considered it artificial.",Yes.,FALSE,TRUE
423c9faf-8c92-4870-9ba5-4ee334cde1ab,6,No I had no idea.,No.,FALSE,FALSE
46619ef5-d3a4-4bac-b1b1-93d688bdff31,6,yes i had as chris wasnt moving his lips which suggested he wasnt in the making of the video,yes possibly i knew there was a slight way of doing it,TRUE,TRUE
467b7a6b-e9be-4e60-8df0-64d9d5620252,6,No because it was just an audio recording.,"No,",FALSE,FALSE
46960b9e-5c2e-480e-a5c7-8843ca6c3b56,6,"No, I didn;t",To a certain extent.,FALSE,UNCLEAR
47f4e139-b7dc-45ec-92d9-1aaab7fa077f,6,no,no,FALSE,FALSE
49ae88b5-fab7-4e9f-a66c-fb6824c9d9ec,6,While I felt his tone was very monotone the thought of the audio being deepfaked never came to mind .,I was not aware that the audio clips were deepfaked .,FALSE,FALSE
4fa975c4-9b18-4ee9-b2ae-0411ab8622e0,6,"No i did not realise, i thought it was a real person doing a voiceover but thought it was odd that the video was a still picture rather than video of someone talking",I wasnt aware that was a thing,FALSE,FALSE
549ab1e3-5af7-42ec-b4af-7dd853a77580,6,"No, I did not realize it was a deepfake.","Yes, I knew about deep fakes before the study",FALSE,TRUE
54c5aac5-cf94-41f6-b55c-84ad5f7a2c95,6,"No, I did not.","No, I did not.",FALSE,FALSE
56b70673-cc87-4a19-a50b-f1ffb28a33be,6,I had a feeling that the video was put on and that it was faked but I still disliked Chris due to what he said. It was the part about the heavily pregnant woman that made me think that this video must have been scripted as I dont think I have ever met someone who would leave a woman in that condition to stand on the bus.,No I didnt at all.,UNCLEAR,FALSE
5755bbae-9655-49d8-bb5f-903e46632be3,6,"No. I had no idea that this was a 'deepfaked' recording, it appeared to me as if it was genuine speech.","I knew that audio clips could be altered, but I wasn't aware they could be faked as accurately as this one. Usually there is some sort of giveaway such as the tone not sounding natural but in this case there wasn't.",FALSE,UNCLEAR
5bf65b69-a864-4430-97be-94f733828dd2,6,no i didn't realise at all,no none what so ever,FALSE,FALSE
6782ff6d-1dd8-4bc6-a9f1-9d75fd73d401,6,I thought it might have been made up for the purpose of the experiment but id I was listening to it in real life I probably wouldn't have realised,no,UNCLEAR,FALSE
678af765-7d5d-489b-8b4c-a3a480e6acfb,6,No,No - what a strange thing,FALSE,FALSE
68744b64-1456-4149-8958-fa6dce8c70f3,6,No,No - I didn't realise that this was possible!,FALSE,FALSE
687e9ca8-4fb7-4062-8a8e-fe6aa0996eb3,6,"I thought the audio was genuine, recorded in a room which was full of echoes.",No.,FALSE,FALSE
6bbdcafe-c005-4f4a-9e8b-7a5ab5d2036a,6,no,yes,FALSE,TRUE
70623fc5-9b5d-4c1d-aa81-a3d9a0fca9f6,6,"No, although just an image of ""chris"" was a bit suspicious.",Yeah,FALSE,TRUE
75536841-8247-42dc-a257-f63966016025,6,"I didn't realise that it had been deepfaked but I felt like the situation was fakes, like he was an actor. It's because it was a still image of him looking directly on. I didn't realise that deepfakes are getting that good, but movement will be the biggest scare over images. Audio is quite scary too but you can just hire someone off fiver to do that, so it's more obviously fake.",I didn't know. I only thought images and videos could be deepfaked. Was the voice really made by a computer and not an actor? That's wild,FALSE,TRUE
79f2b4f1-72f6-47a5-b97b-92954274fcd5,6,no,yes,FALSE,TRUE
7b6739b6-dfbd-4794-99f7-ac583fbccaaf,6,No.,"I had heard of it before, but I did not know how advanced the technology was.",FALSE,TRUE
7be45052-3fc9-4101-89a2-0919ae556e50,6,"No i did not. I did find it hard to place his accent though, which makes sense now.","I have heard about deepfakes, so yes I knew audio could be deepfaked",FALSE,TRUE
7cac5662-6d61-4bb7-88c7-4c61259278cb,6,no i didnt know it was deepfaked,i didnt know audio clips can be deepfaked,FALSE,FALSE
7ff2ab2a-7966-49be-af47-ab0c054817f6,6,No,Yes,FALSE,TRUE
806113c5-5ab3-4f2f-952a-0ff54e874ace,6,No,dunno,FALSE,UNCLEAR
809ec560-f8d6-4d35-aae2-63301dc0bca9,6,no,yes,FALSE,TRUE
8130cbb7-94e9-47e9-bd2e-0a353e85c132,6,no I did not,No I did not,FALSE,FALSE
82d26872-2d2f-4764-9564-9177ec52b7d6,6,No,Yes,FALSE,TRUE
83c34b5f-9d88-407a-a896-c47518dc84ec,6,no i didnt know,i knew it was possible but dont think ive heard it before,FALSE,TRUE
8e8ed186-bdaa-479c-97b7-9241c664c24f,6,Not at all - i did think it sounded like it was read out from a script because of the long breaks between sentences and odd intonations sometimes but not that it was faked,"Yes, I've seen videos of it",FALSE,TRUE
8ec845fb-dc6e-400a-be81-735d91f15371,6,"No, I didn't.","Yes, I did.",FALSE,TRUE
95515f1c-af06-4f87-a7b4-e4639644dce1,6,"I honestly didn't even realize it was deepfaked. Perhaps it felt a little off, but I thought that was more because of the still image of the man in the video.",Yes,FALSE,TRUE
98ba17dd-0d31-4efe-833f-3323bc18a80e,6,I did not realize the audio had been deepfaked.,"I knew about faces, but I had no clue that audio clips could be deepfaked, no.",FALSE,FALSE
99278199-4117-4567-8124-58cabcdfbbaf,6,No I did not realise it was deepfaked.,"No, I did not know",FALSE,FALSE
99e7782b-5107-42c6-9977-86014d7cb998,6,I didn't think someone could be so dumb as to put out into the world such negative things about themselves and believe it would go over well.,"Not to that extent, no.",FALSE,FALSE
9a171709-de5d-4553-a318-457d76d3c0f6,6,No,No. I knew that videos could be but not audio.,FALSE,TRUE
a4f9f082-7971-45c0-9b26-a05b657ee296,6,"Yes, thought something had been edited.","No, not entirely.",TRUE,FALSE
a6cb48b9-8f34-4551-b544-f556f19ab464,6,I did wonder - because it seemed too good to be true.,No,TRUE,FALSE
a7ddf701-1ad7-4584-a6ea-0b2d3aa250fa,6,No,No,FALSE,FALSE
a92eace8-f16a-4868-ac3e-b7d4ac5de6fd,6,no I did not,yes I did,FALSE,TRUE
abe8e882-f88a-408d-9c2d-23f89dc6b899,6,no I did not,yes I did,FALSE,TRUE
ad194d75-fd8a-4a2d-963a-b9eaae14ae21,6,"Well, I didn't think it was real.I realised that ""Chris"" was saying things for the purpose of the study",I had never heard of deepfaked before. Its a new expression to me,UNCLEAR,FALSE
ad5644c6-a242-4bf8-b40d-cfc4a05ec15a,6,yes,no,TRUE,FALSE
af2c7724-155f-477f-a157-3521e0ae3e1f,6,I wasn't certain but yes I did think he sounded very stilted and like a computer-generated voice instead of a real person's voice,no I didn't,TRUE,FALSE
b14c007c-ddd1-4073-9167-eeca8fd993e7,6,No,No,FALSE,FALSE
b235c835-9daa-457c-b34b-09a7bd252b7c,6,"Yes I did, no one could possibly reveal that much about their personal life.","Yes I did, why should an audio with no video on YouTube.",TRUE,TRUE
b49c8b9b-4a25-47ea-b97f-64c15fad8f32,6,"No, I had no idea it was a deep fake",I was aware of videos being deepfaked but not so much aware that audio could be to that degree in the recording,FALSE,TRUE
b512deea-4b1a-44cb-a148-09bd24b0b59f,6,"No, I didn't.","No, I have never heard of it before.",FALSE,FALSE
b5ab5d1d-5c6f-4621-95bd-976c3f264d5b,6,"No, it sounded quite realistic to me",I knew that audio clips could be programmed but I didn't know this was the correct term for it,FALSE,TRUE
b6c64d90-1bf8-4807-971e-b763f3726c72,6,NOPE,i knew that surveys could not give u information upfront but not deepfaked vids but u learn everyday,FALSE,FALSE
bef70e47-b770-4648-84cc-86d2427fc29c,6,"Possibly, i did wonder if it was real","No, i thought it would be real",UNCLEAR,FALSE
c4f0299e-a514-4f1e-8c65-dd4a9e24eae3,6,No,No,FALSE,FALSE
c6018b44-1873-4fdb-917c-465300bb335c,6,No,Yes,FALSE,TRUE
c96bc549-4ceb-43cd-9b94-7a6cab49a81b,6,"When listening to the audio, I did not think that the audio was deepfaked.","Before taking part in this study, I was aware the audio clips could be deepfaked.",FALSE,TRUE
cbb15046-9c7d-4b09-8e4f-19e17940dccf,6,"I thought perhaps it wasn't a real clip. The information he told us about himself was very specific and wouldn't be an interesting channel to subscribe to, but the things he said would be good for memory recall questions.",Yes.,UNCLEAR,TRUE
cfc49502-e7a5-4084-8949-300d5616494d,6,no,no,FALSE,FALSE
d16d4c07-9f5e-4d5c-8c2b-1c91a811958e,6,"Not at all, it sounded real.",No I didn't.,FALSE,FALSE
d2f93304-bf68-40c1-a5c8-fe6334167ae8,6,"yes i realized it was not a real utube clip, but a set up situation",yes for research reasons i knew a video would be fake,UNCLEAR,UNCLEAR
d555c873-c1c7-4d42-98c0-d035bfe4e474,6,"No I did not realise, I thought for the purpose of the study we were to take as given that Chris was a youtuber and that was a video by him.",Yes,FALSE,TRUE
d8f9be17-dc1e-4988-bd42-c1b8bf53e088,6,"I didn't realize it had been deepfaked, but I thought it was probably not a genuine youtube video (like I thought that probably it was one of the researchers). I also had a little trouble placing the accent, which I am normally pretty good at, but I'm not sure if that's because of the way it was faked or because I haven't encountered that particular accent very often.",Yep,FALSE,TRUE
d93a604c-4253-4895-af89-75a06c004f43,6,Not at all and that's a little scary.,"Yes, but not to this extent.",FALSE,TRUE
da987529-7b1f-490b-bd21-d846e8b5701c,6,"No, although the voice seemed too nice for the character he was playing.","No, i didn't even know what deepfaked meant.",FALSE,FALSE
db2638ab-7c69-4366-8b5e-024a40c4de76,6,NO,YES,FALSE,TRUE
dbb4255e-1734-457a-9da6-1a9486e4b990,6,Nope.,Yes.,FALSE,TRUE
ddedfacb-3376-4596-b9e0-c69e4a277c64,6,yes some part of voice seemed robotic,no,TRUE,FALSE
e1c1f450-29f6-454d-8694-3ad2a6a0cb52,6,no i did not i thought it was real,no i dont know how thats possible,FALSE,FALSE
e3300917-600f-4f29-a78c-bda97595afda,6,I believed it was not a real person saying this but I always thought it was an actor reading a script saying bad things about himself. I did not consider it being a computer generated audio of Chris saying nice or nasty things,No,FALSE,FALSE
e6978f86-6b06-47c4-9293-9b894780696f,6,"I realized that Chris's tone was slightly boring for an exiting video, and the fact that it was just a photo and no video.",No.,FALSE,FALSE
e717d947-6b9e-47c7-890c-d7c18483fc96,6,No,No,FALSE,FALSE
ea49d5f6-908f-4e7b-9539-b96b722738ac,6,"I could tell that the audio seemed off and that ""Chris"" had odd pauses in his normal speech, but I did not necessarily know that it was deepfaked.","Yes, I am well aware of deepfakes",FALSE,TRUE
eaea7b6a-b5c1-47fe-baf6-711cabe3dd2a,6,No. I had absolutely no idea.,Yes.,FALSE,TRUE
ee928178-9ceb-48e5-8f91-d824dde8490a,6,No.,No.,FALSE,FALSE
eec9bc64-b070-49e4-a644-1d58ef630801,6,I did not expect that video/audio recording to be originating from a real youtuber as it seemed quite scripted. I thought it was a specific video created for the purpose of this study.,"I am aware of deepfaked clips, however did not thought this was one and just thought it was part of the study.",FALSE,TRUE
f209b586-d8f0-454d-8390-6e1df959d7e5,6,No,No,FALSE,FALSE
f31700f7-0e0e-4653-a517-caa8c86f4a55,6,No,Yes,FALSE,TRUE
f410bab2-e929-4199-84c2-e3c2a035f5a2,6,no,no,FALSE,FALSE
f5cfe156-1e47-4f3f-95cc-ac7ad01c6f73,6,"I didn't think it had been deepfaked, but I thought it was an actor talking, as I wouldn't have thought someone would admit those things. I would not have thought it was computer generated, as the speech sounded very natural","I knew video could be deepfaked, however i did not know audio could be",FALSE,TRUE
f6eea0b2-f3ae-4a54-b97b-2b066f772e61,6,i didnt realise it had been deepfaked,no i didnt know,FALSE,FALSE
f7cae38d-42f0-4046-9aa1-22cfa28ca8ed,6,I did not realize that the audio was deepfaked.,I did not know that audio clips could be deepfaked.,FALSE,FALSE
fe31ce41-e503-4757-bc88-bbcd74c102cd,6,No,Yes,FALSE,TRUE
ff2517c7-2298-4fbc-9fd2-d1c3c4ef0150,6,No i didnt,No,FALSE,FALSE