subject,hypothesis_awareness_recoded,influence_awareness_recoded,recognised_manipulation,deepfake_check_recoded,deepfake_concept_check_recoded
011a3074-12e3-4b3a-9e56-67ba7a6678ad,No,Yes,NA,NA,NA
01c398bd-084a-47d8-ba45-ea3068226572,No,Yes,NA,NA,NA
026738e4-b0c5-487a-8f7c-ff6a1c61681e,Yes,Yes,NA,NA,NA
05382172-e83d-4502-8c47-19a0e2bbfeab,No,Yes,NA,NA,NA
0729cf42-6f7b-45f6-abb3-9c55af411f38,NA,NA,NA,NA,NA
08c3f24f-3ac4-4698-bd46-5160fc5ff4f3,NA,NA,NA,NA,NA
08e340b9-0661-4e37-b4ca-b0f66013f1ee,No,Yes,NA,NA,NA
0ad77958-9871-44fe-94d0-52f760842502,No,Yes,NA,NA,NA
0c31db87-c39b-4f26-9e5e-d77f4b9b1808,Yes,Yes,NA,NA,NA
0e98da02-27b0-4398-b054-5609619aaaed,Yes,Yes,NA,NA,NA
0ef3eade-e812-4422-8cca-b573b031af67,Yes,Yes,NA,NA,NA
101e7af0-ee6d-4f8d-9642-558cda3861cb,No,Yes,NA,NA,NA
13073802-0ffb-4125-87db-45e992d1e259,Yes,Yes,NA,NA,NA
1377d2d4-3691-438a-bb92-3d19b9a01288,No,Yes,NA,NA,NA
15ae6eab-e293-4338-af6c-896e19f003f2,No,Yes,NA,NA,NA
17c323ca-4abf-4376-bcca-b59bca40511f,Yes,Yes,NA,NA,NA
1acdf52f-0c46-4bce-a14c-d061b5b4a1f4,Yes,Yes,NA,NA,NA
1ad5ef61-c090-44c2-9c61-fb3c880d8143,Yes,Yes,NA,NA,NA
20a3d58d-36b6-4a6d-84f4-4ca63a2173a4,Yes,Yes,NA,NA,NA
226674dc-0ef3-4da6-81fd-4aef870dd0e0,NA,NA,NA,NA,NA
230c2979-3cb6-4ebd-914a-6a989227161c,Yes,Yes,NA,NA,NA
24362558-0f9b-4c0c-9029-c0c3fe77d0af,Yes,Yes,NA,NA,NA
2436f1d0-583c-4eaf-8fa6-aabfecafe012,Yes,Yes,NA,NA,NA
2648fbdb-3396-4e24-8ffa-cfe9b56717ab,No,Yes,NA,NA,NA
2841b42b-5505-47af-98fb-4bd07577379f,No,Yes,NA,NA,NA
296a07d3-5726-4827-a2f0-20d738ca4545,Yes,Yes,NA,NA,NA
2cdba2ae-78d9-4b8e-84e9-6836e924e456,Yes,Yes,NA,NA,NA
2d352dd6-7ef7-4017-bb31-0ffe7081e147,Yes,Yes,NA,NA,NA
2e285a19-83c0-4f7e-b373-ca90965cd8b3,No,Yes,NA,NA,NA
2e56c2ea-d4e3-4a9d-b759-c3e03298528c,No,Yes,NA,NA,NA
32d34a58-30ed-42a4-beb4-aebffa055fa1,No,Yes,NA,NA,NA
34bb1bec-d3c0-4128-840b-9aa58d44d142,No,Yes,NA,NA,NA
34c3c84b-0d3f-4d87-b436-9c470f18213b,Yes,Yes,NA,NA,NA
35719162-9648-4834-9042-d3de0089bdcf,Yes,Yes,NA,NA,NA
36c3371e-dc31-4a65-aae1-896699bc27c4,Yes,Yes,NA,NA,NA
370190d0-2f0b-475a-8edc-2834cb216651,Yes,Yes,NA,NA,NA
3c04a8db-cb5b-440f-8570-3fb45d6759e3,Yes,Yes,NA,NA,NA
3d5690fe-147e-4332-bd14-9b65734f2283,No,Yes,NA,NA,NA
43403a31-3dab-4267-8e6d-675fc2bc22cf,Yes,Yes,NA,NA,NA
4583de84-e646-450c-bfc5-5a2c3759061d,No,Yes,NA,NA,NA
47332145-b2ad-459e-90ed-33fa074b19f8,No,Yes,NA,NA,NA
479c4060-2a68-435e-8a67-d92e072627c1,No,Yes,NA,NA,NA
48eb842d-be18-46b0-a945-071cd3d49cc8,No,Yes,NA,NA,NA
4b301a15-3c9e-4808-81ed-10b863b4e775,No,Yes,NA,NA,NA
4beb6c1b-7418-4ecd-b0fb-535888151d65,Yes,Yes,NA,NA,NA
4c2e7562-68b7-460a-9a30-e117e51f571c,Yes,Yes,NA,NA,NA
4d97e8ee-f0a2-4b8e-8464-920538a26553,No,Yes,NA,NA,NA
510b9ded-1314-4771-ba80-eba504729218,No,Yes,NA,NA,NA
518501b3-df90-45f1-868d-b59a034bf454,Yes,Yes,NA,NA,NA
53a259c3-7055-4935-b219-b9225eec28c5,Yes,No,NA,NA,NA
53d4a10b-1ae7-4202-921d-0e3e543992e9,No,Yes,NA,NA,NA
55735830-8ea9-481c-b90e-47f033b95ae3,No,Yes,NA,NA,NA
572ea5c2-f77c-4fe4-86f2-2282e5f081d3,NA,NA,NA,NA,NA
5a626c11-7a5c-481d-92dd-79e2cb354469,Yes,Yes,NA,NA,NA
5ce4cb1e-4f4f-4c41-bbb0-c5026f328000,Yes,Yes,NA,NA,NA
5f8be5cb-ac37-4f65-a783-89aac888df88,No,Yes,NA,NA,NA
60865ae2-4f56-43a0-8e2f-5d074c898f9d,No,Yes,NA,NA,NA
60c3ab62-b91a-41d9-bbc2-5172f24bcb14,No,Yes,NA,NA,NA
6142aba1-0cd6-4241-bd10-7d1c186fc863,No,No,NA,NA,NA
6158000a-c317-485f-b43f-d6f0fc17b221,No,Yes,NA,NA,NA
6208d620-d501-4196-ba47-1c6d349831ce,Yes,Yes,NA,NA,NA
64ac985f-b8fe-42c4-8f65-984a83955210,Yes,Yes,NA,NA,NA
65aeeb53-ee70-4c36-adff-0f8ce358fe59,No,Yes,NA,NA,NA
679bc916-db8d-4ef0-a5e6-1b1ca88c07e8,Yes,Yes,NA,NA,NA
6abf2237-3484-49ae-b844-f2d4bd5d2f25,No,Yes,NA,NA,NA
6b2714c2-2ead-4d96-8064-6c2694ef3c5d,Yes,Yes,NA,NA,NA
6e0c09fe-e0e4-4f46-b848-312929caf457,Yes,Yes,NA,NA,NA
73991c96-6d2e-4bfa-9ab8-fba01447df6a,NA,NA,NA,NA,NA
7465b624-7702-4f78-a8f4-aef2b97d8836,No,Yes,NA,NA,NA
763a12b8-294f-467d-a952-fd8b3fe85058,Yes,Yes,NA,NA,NA
76aead56-47a3-47e1-a25d-3901743cdead,No,Yes,NA,NA,NA
7707efaf-6fa3-4566-8791-e1be8d76d61f,No,Yes,NA,NA,NA
7d585ffb-4539-4de0-8e0a-ce7f153de860,Yes,No,NA,NA,NA
7e8cb609-e39a-41fb-b9da-7f9087939f1f,No,No,NA,NA,NA
7f9f0a6b-b4bd-48de-8655-2e43d245c4d5,No,Yes,NA,NA,NA
80883a45-cf3f-4d9c-942a-23a88e7ce1ed,No,Yes,NA,NA,NA
81fbba1f-bd15-4943-a335-7ffd422d9ce4,Yes,Yes,NA,NA,NA
835c5f70-bd40-4eb3-9110-b7d4935ef60e,No,Yes,NA,NA,NA
83c23067-48e4-4510-a409-73aa38531f9d,Yes,Yes,NA,NA,NA
83e2dfcc-0752-448e-8291-acc6b0040df5,No,Yes,NA,NA,NA
8a24a885-2c8a-471e-82d2-41840e5556ea,No,Yes,NA,NA,NA
8a8742fc-a0d9-4692-9f38-b445eb746a46,Yes,Yes,NA,NA,NA
8c911774-465c-4001-9c20-94fe8e0af036,No,Yes,NA,NA,NA
8d1f3e99-775f-4541-bc14-e8489618f86c,Yes,Yes,NA,NA,NA
8d51a3d1-5d32-4a09-b34b-28d1ccd19c22,No,No,NA,NA,NA
8d723362-cfc9-44a4-a8a8-e6e261a729d1,No,Yes,NA,NA,NA
8dd2be80-2b74-4557-b6cd-3ffa7ae48356,No,Yes,NA,NA,NA
8dde394b-b2b5-4a4a-bf0d-ff859749a3c5,Yes,Yes,NA,NA,NA
8de5e9ac-3619-4f70-ae88-ac653801f9a5,Yes,Yes,NA,NA,NA
90b451d2-5c4e-4b21-ba42-e45e42088210,No,Yes,NA,NA,NA
935a3423-42d5-4dd3-b82f-391b0052a523,Yes,Yes,NA,NA,NA
952f4335-dc3c-40fc-8562-551be7cb07a3,No,Yes,NA,NA,NA
95e9538f-f831-4291-9f90-60c89ac21e65,Yes,Yes,NA,NA,NA
97927c22-9001-4664-8be3-df35531701a7,No,Yes,NA,NA,NA
989bb8f5-9223-45ca-9531-cd12124c7a0a,No,Yes,NA,NA,NA
9a9a7db1-f7bb-4d37-82a6-62befa7ae3a5,Yes,Yes,NA,NA,NA
9c11c32c-d21e-406d-8849-54560583f681,Yes,Yes,NA,NA,NA
9c8f83c8-b28f-4f88-800d-8e806fd9f7d9,Yes,Yes,NA,NA,NA
a0c53b11-e8c2-4a08-ad93-e0860e46930f,Yes,Yes,NA,NA,NA
a23498d6-3155-4ff2-9f45-979174c06e11,No,Yes,NA,NA,NA
a2619cbd-58a2-4204-9a60-e98f90be83fc,Yes,Yes,NA,NA,NA
a39d13a9-5ba6-4f5f-aa1a-e7421fdbcc67,Yes,Yes,NA,NA,NA
a3c29e28-49f7-4d6a-8256-a7c597961eb6,No,Yes,NA,NA,NA
a3d29856-4017-4d1e-96ef-e1da1b0e0fbf,Yes,Yes,NA,NA,NA
a3dd5397-fcd0-46c1-8faa-ed66bc66e8ee,Yes,No,NA,NA,NA
a556d79d-46f9-471f-ae1c-277030d821ab,Yes,Yes,NA,NA,NA
a6c3b2b5-bee1-49bb-88ae-cedf2eca76b7,No,No,NA,NA,NA
a7902d80-cfc1-4ec4-9b6b-f17d33f1a54c,Yes,Yes,NA,NA,NA
a9423dd0-2b4b-49e0-8dbb-6412c767438a,No,Yes,NA,NA,NA
abe16c7d-9e9f-4216-b8ec-68d6e12c2a74,No,Yes,NA,NA,NA
ae332b04-7928-46a8-8072-15eee56c1dbc,No,Yes,NA,NA,NA
ae68cf2d-0d52-44bb-ab0b-ff08110f0b31,No,Yes,NA,NA,NA
afc6a34e-b25a-4a4d-9dbc-a7eb98a871f4,Yes,Yes,NA,NA,NA
b30e2e3d-89fc-4c9a-9402-dcd9da6a4326,No,Yes,NA,NA,NA
b5d98f92-8793-4cab-b737-76a80a2bb466,No,Yes,NA,NA,NA
b74ce16c-e18c-4f70-b1ca-ac4b2dc4259e,No,Yes,NA,NA,NA
b7e876de-b34a-468e-ae0d-f1cbd2e665a5,No,No,NA,NA,NA
b8bf7c46-4661-4155-9a40-802bbc22fd41,Yes,Yes,NA,NA,NA
bb5f2890-847c-4c5f-b49b-cb1b237e2476,No,No,NA,NA,NA
bbd20f17-eb81-425b-b3fb-d2a173061835,No,Yes,NA,NA,NA
bbf5e5fd-1b91-43c8-bc46-b3ac8b092f8e,No,No,NA,NA,NA
c04736e2-1d0b-43d1-9d96-6c59fbdd4f31,Yes,Yes,NA,NA,NA
c05ceb47-a862-4716-bf04-0fb3c65c5a73,Yes,Yes,NA,NA,NA
c1e5435d-604e-4b2c-a5fb-c91f5fe9cc68,No,Yes,NA,NA,NA
c42be0f2-4aeb-49dd-8bc6-c4a18f4c572e,Yes,Yes,NA,NA,NA
c84b1930-2212-4e2c-9f8c-cde3995bff0a,No,Yes,NA,NA,NA
cb6900ce-a25b-4ea3-9222-ebd572a79250,No,No,NA,NA,NA
cc2af9e2-44bb-4f6d-ad59-85a417483ab8,Yes,Yes,NA,NA,NA
cc2ea6ed-5856-4b02-b9bc-532489ce2a2d,Yes,Yes,NA,NA,NA
cc63ca0c-3969-41dd-839b-ff249499cb25,No,Yes,NA,NA,NA
ccaf1a8b-89e2-4033-bca1-70b7b913bf86,Yes,No,NA,NA,NA
cceeec9f-c3d4-4cbe-af6f-661305fac5fc,Yes,Yes,NA,NA,NA
cdcf1b17-f566-47a5-98e2-4c7d6022e7d8,NA,NA,NA,NA,NA
ce92952b-4915-4774-9363-46becc56e60e,Yes,Yes,NA,NA,NA
cec98c32-3d8c-42f5-8f0f-baf92bec0fab,Yes,Yes,NA,NA,NA
cec9e047-7bf3-4880-9a4f-bf404bbd4f26,No,Yes,NA,NA,NA
cfbf76ad-8f88-4b4a-b295-c3b2977a914a,NA,NA,NA,NA,NA
d0229e97-f095-481c-ac3d-08eb4d6ef6a1,No,Yes,NA,NA,NA
d246bd5b-7e76-4971-8256-b6874ade1618,NA,NA,NA,NA,NA
d2fca5e5-725b-489d-a2d9-31d31259ca4a,No,Yes,NA,NA,NA
d35b82ea-71f3-4cb6-b3fa-e9fb06b1ca89,No,Yes,NA,NA,NA
d6a4d053-7f37-4b5b-a4ca-63805673e501,Yes,Yes,NA,NA,NA
d6ef5dab-da03-4eb1-bd3f-bb9dfe4bd8fa,No,Yes,NA,NA,NA
d898fb40-bc1c-458c-ac2e-99a8dbaaafd0,Yes,Yes,NA,NA,NA
daa7777d-0c0a-4b06-b034-8f1a8cacb929,No,Yes,NA,NA,NA
e0c65cf9-d72e-490e-8169-1e9aeb4db802,Yes,Yes,NA,NA,NA
e11bd215-1458-4513-a684-deb6dfa95582,No,Yes,NA,NA,NA
e1363525-98a9-4ce3-a69f-c9c2159b31ad,Yes,Yes,NA,NA,NA
e25796f6-a054-48b9-add2-b5a50a66ce5f,Yes,Yes,NA,NA,NA
e3ad1938-2554-461b-83a8-3b97635b8b94,No,Yes,NA,NA,NA
e3ea5732-627c-4caf-9f92-630d7c4d4e61,Yes,Yes,NA,NA,NA
e5bd2d99-170f-46bb-af46-c87c142f5c15,Yes,Yes,NA,NA,NA
ea104265-a8a7-4bb8-910e-2c4115f1f723,No,No,NA,NA,NA
ebca6ed4-d1dc-46aa-8c7e-af7ea5ec7671,Yes,Yes,NA,NA,NA
ec14d5f2-cc97-46a2-86eb-a5f4e1d471dd,Yes,Yes,NA,NA,NA
ed5ea5f8-3a0d-491b-8099-49587264c1b5,Yes,Yes,NA,NA,NA
f2429b0c-c4b1-4f08-9b9e-6354a139f726,NA,NA,NA,NA,NA
f26ba764-4902-40ac-8471-102b41f27c38,No,Yes,NA,NA,NA
f47e2405-2f59-46fa-81f5-88d4cd22a721,NA,NA,NA,NA,NA
fb26e327-09b4-44ed-8af6-be092488b6e4,No,Yes,NA,NA,NA
fbc32afd-d17e-46d7-aced-e055e589f378,No,No,NA,NA,NA
fcb25d07-8551-40ec-9741-08609c1501af,No,Yes,NA,NA,NA
fcd9297b-d7f5-4fa5-b68b-cd2cdac692bc,No,Yes,NA,NA,NA
fd404171-64a0-48d2-a7e5-5a3d49de8e73,Yes,Yes,NA,NA,NA
fdf1ba07-555d-461a-a44e-4be13580b7ca,ynn,Yes,NA,NA,NA
ff48b248-f4f3-4e3a-9a7d-f66f57fef1f4,No,Yes,NA,NA,NA
00849073-4f43-43e7-b9f7-4697a67fe2ac,Yes,Yes,NA,NA,NA
009a39bb-bbe9-453b-85b5-2069ed08f064,No,Yes,NA,NA,NA
0350ab37-c8c9-4de6-9d6f-7dd4337804ce,Yes,No,NA,NA,NA
0981f607-585d-45bc-abf3-c459cb329e34,Yes,Yes,NA,NA,NA
0b1e85b8-1bc6-4b00-94e6-526ab4be71bd,No,No,NA,NA,NA
0b30a2c2-7694-4c91-8d90-1c386e3fa6e2,Yes,Yes,NA,NA,NA
0ded2867-49f3-4699-ae4b-f8cdb7444106,Yes,Yes,NA,NA,NA
0e1a13d3-c028-4496-a356-515cb3fbe47b,No,Yes,NA,NA,NA
0f101fff-767b-4d7a-9164-56740ce26da4,No,Yes,NA,NA,NA
113b58fd-5a92-4e39-9e5d-8a166e6b3631,Yes,No,NA,NA,NA
11c3521b-0524-4834-aa14-47a0e5f9a5b2,No,Yes,NA,NA,NA
13d4c748-9bd4-41b1-8c25-440a13f9e583,No,Yes,NA,NA,NA
18460956-fa29-4997-b6e4-a786463c9183,No,Yes,NA,NA,NA
18a3778d-c12e-4707-9f7b-095796ecee67,Yes,No,NA,NA,NA
18c5e8c6-e25a-4b69-890b-ee6ce235fef4,No,Yes,NA,NA,NA
19e8d985-6fe3-4c13-a6b6-4db7526f89b3,No,Yes,NA,NA,NA
1b027ca1-fc50-4680-9276-f934b14c2150,No,No,NA,NA,NA
1bbf7490-af2d-40fd-9c9a-7f1c9af9369d,Yes,Yes,NA,NA,NA
1bc0f6d6-f2b4-4f6f-8903-13ef6ae45933,No,Yes,NA,NA,NA
1bcf93e4-1cac-4918-bacf-9a47ee6d3832,Yes,Yes,NA,NA,NA
1e33f962-77f5-4a94-b7a7-02493c5763ba,Yes,Yes,NA,NA,NA
20dab8d1-1a19-485f-b822-16522e59a01a,No,No,NA,NA,NA
21b50046-8714-406c-97b0-6448d0a86c47,No,Yes,NA,NA,NA
24cad15c-87ec-43c1-9c5f-c622b48ceeef,Yes,Yes,NA,NA,NA
270bb24c-ffbb-4b02-b3d1-dcee2e80fef5,Yes,No,NA,NA,NA
28498870-437d-4fc2-8b74-8919b18b8a1a,Yes,Yes,NA,NA,NA
2c00448f-10aa-4215-bc8c-a1b1ecd6db85,Yes,No,NA,NA,NA
2ee1c226-f935-437b-9a3e-b4176cccd199,No,Yes,NA,NA,NA
331c6a20-111e-4679-9ff1-6fc3f0479823,NA,NA,NA,NA,NA
3556dd39-7e13-48f9-9ed0-fe81e433a00e,No,Yes,NA,NA,NA
366342d8-9e15-4a80-980c-bbf2ec065bd2,Yes,Yes,NA,NA,NA
36f89dd7-2135-43e5-a5c1-3444009a709d,No,Yes,NA,NA,NA
372f7c8d-a0a1-4152-84e2-a837afcc103d,No,Yes,NA,NA,NA
38f38cf6-05bc-4cad-a081-fb98f5814d0f,No,Yes,NA,NA,NA
38fda5aa-8adf-4320-b295-adc6a32ce378,Yes,Yes,NA,NA,NA
405010c7-0a26-4b76-a964-56b7299af572,Yes,Yes,NA,NA,NA
432a0896-5c57-4158-b1cc-5f30e8ce4bf9,Yes,Yes,NA,NA,NA
44d34dcf-e2aa-46ff-8424-becd72415e90,No,No,NA,NA,NA
45765b94-9a9d-4779-b5b9-0a2e386727b9,No,No,NA,NA,NA
4abc069a-07b6-4459-aeda-8e57120b57e2,Yes,Yes,NA,NA,NA
4c4d501b-2364-4a54-8c30-e24c42ae25b0,No,No,NA,NA,NA
4c692515-0220-4094-9716-58a5f898c61a,Yes,Yes,NA,NA,NA
4c95b965-b90e-4168-9691-a44bcceac366,Yes,Yes,NA,NA,NA
4de0bd20-fc62-48f4-8753-3cd028da0b62,No,No,NA,NA,NA
50968417-c77e-4975-b0b8-e37db6473613,Yes,Yes,NA,NA,NA
50c3c0c3-b758-4b9c-a3d6-d70e45f8369a,Yes,Yes,NA,NA,NA
52d47cc1-e5c3-4c18-87e5-61b684167111,NA,NA,NA,NA,NA
542c79cf-c1d5-49ff-9dac-e75b266812a5,No,Yes,NA,NA,NA
54354f03-8645-4cf9-8503-bd1cb1d1f737,Yes,No,NA,NA,NA
593f9cef-4461-49e6-9a2b-a0ca2ebf6316,Yes,Yes,NA,NA,NA
5aa50e1c-4953-466f-80a4-93c6a45ad09d,No,Yes,NA,NA,NA
5ab77461-c3c8-411e-8b4f-73ae8e2fda37,Yes,Yes,NA,NA,NA
5d52cb90-9ebf-420c-8de4-13f4c0baacb1,No,Yes,NA,NA,NA
5f4901fe-ed5e-4a80-94b1-2029b397e690,Yes,Yes,NA,NA,NA
60291c9e-1a61-475c-a60d-643afdcc366e,Yes,Yes,NA,NA,NA
60eb19e6-755d-4ef6-a62a-056d0713bab5,No,Yes,NA,NA,NA
622db84c-4284-4fd3-bdaf-56b07c6a64f5,NA,NA,NA,NA,NA
63cec48b-846c-4dbc-9cbe-2aadfeafdc00,Yes,No,NA,NA,NA
64e6697e-75d9-490e-82a5-db6f2f43e6a8,No,Yes,NA,NA,NA
67888edc-3632-403c-91ec-f8f8063390b4,No,Yes,NA,NA,NA
687807fa-5aa9-4ea6-bf5a-dd58920a6c44,No,Yes,NA,NA,NA
6977758d-09a4-40b8-9e49-deacbdb1490e,No,Yes,NA,NA,NA
6c7515ea-be08-4158-bcbd-e96ececa6a38,Yes,Yes,NA,NA,NA
6d8b43cf-d4a8-48f9-9d65-d4aaea474a94,NA,NA,NA,NA,NA
6e39bc5e-9ca8-48a0-945f-54af9a66faa1,Yes,Yes,NA,NA,NA
6faf843d-75a5-4a2e-99d1-e22d48c6d4a6,Yes,No,NA,NA,NA
6fe8202a-dc16-4463-b463-1aead5233c0c,Yes,Yes,NA,NA,NA
708f1373-af67-4e4e-b27c-f892b09896a3,No,Yes,NA,NA,NA
709449f4-6b25-4483-94b4-f530a5f0ecfb,No,Yes,NA,NA,NA
70db280a-c1b0-4972-a830-90e51669cdfb,No,Yes,NA,NA,NA
71b8e29a-1da1-4775-81a2-5ce75ef97cbb,Yes,No,NA,NA,NA
73eb5d81-bd54-4952-a254-227833028eda,Yes,Yes,NA,NA,NA
7505949c-2a44-473d-828d-33853796d160,No,Yes,NA,NA,NA
75a23264-70c7-4a7f-9a9a-41fb0e8c67d3,No,Yes,NA,NA,NA
75eb948c-f36f-4060-a382-feb4aca097e5,No,Yes,NA,NA,NA
769f20e1-925a-46eb-84ea-a56dc45e9239,Yes,No,NA,NA,NA
77fc2b12-18b8-45a7-bba6-34b40156f560,Yes,Yes,NA,NA,NA
7bd0c70f-e267-4441-b9c8-b6cac040f0c9,No,Yes,NA,NA,NA
80bd40bd-c546-4ceb-8edf-58d5a3e941b4,Yes,Yes,NA,NA,NA
8177db52-207d-4fc7-8a7f-1b546fc1b490,No,Yes,NA,NA,NA
834ff1d0-8692-47d9-a1d8-3177cd726ea6,No,Yes,NA,NA,NA
86c5641b-33fb-4428-aceb-8f0692febdee,Yes,Yes,NA,NA,NA
8869cc23-45fd-4e3f-954d-0d1ed9236de9,Yes,Yes,NA,NA,NA
891f9b5a-1523-4b26-87e7-9ea344337a21,Yes,Yes,NA,NA,NA
89ae1876-8c59-46a6-b9bb-4025490ce0a4,No,Yes,NA,NA,NA
8a45274c-be7a-45ca-9bad-dc85a6b9388f,No,Yes,NA,NA,NA
8c4790e5-533b-47f8-9535-3281563b29a8,Yes,Yes,NA,NA,NA
8d5aee84-a4bb-47c2-8e4e-e6a7bfd88985,Yes,No,NA,NA,NA
96fe1ad9-49a9-498b-8110-28910512db3f,No,Yes,NA,NA,NA
970e2936-3436-4cc1-b1e3-857b99d37ccb,No,Yes,NA,NA,NA
992d4e5b-7f2b-4440-ae19-f1fc78fe3e96,Yes,Yes,NA,NA,NA
9ae3a46f-8d92-4f23-a452-3b4022710a48,No,Yes,NA,NA,NA
9b0b5059-816b-4fb1-842b-23ad4d96f85a,No,Yes,NA,NA,NA
9b18e436-99fd-4b2e-b05f-40f1d934318d,Yes,Yes,NA,NA,NA
9b547e6f-005d-4db5-ae09-008b9e37cce9,No,No,NA,NA,NA
9d2a72c5-d208-45fd-824f-6c1c68955e9c,NA,NA,NA,NA,NA
9e6c9ffe-7776-4cf1-8e5a-db94392f84ad,NA,NA,NA,NA,NA
a0167297-fb69-487e-8516-d6a1b604d67d,Yes,Yes,NA,NA,NA
a0778030-42bd-497d-b41e-5436654efab3,Yes,No,NA,NA,NA
ab58f162-60e1-4cda-8231-5d2f97fda74b,No,Yes,NA,NA,NA
abb5a991-fdf1-4be6-8faa-56b511300c6f,No,Yes,NA,NA,NA
af053f53-1ebb-426c-bdc5-41ee3c4110ae,No,No,NA,NA,NA
af4abc6c-815f-451e-a1b8-662a95317244,No,Yes,NA,NA,NA
afcbb361-19a7-4aca-9154-bbb5348166c9,Yes,Yes,NA,NA,NA
afea7ed5-0245-4373-baa0-b662898af820,No,Yes,NA,NA,NA
b158db8f-b508-4d65-a831-fb7442e2cea7,Yes,Yes,NA,NA,NA
b202abef-385c-44bf-9a9c-7e07f5fcfe29,NA,NA,NA,NA,NA
b3436bac-a509-4c3a-8249-0fcf9009c6d9,No,Yes,NA,NA,NA
b392a8e5-3703-4a52-ac56-f6a9e210f7dc,No,Yes,NA,NA,NA
b435f114-70e0-43cc-8b0f-229587b932da,Yes,Yes,NA,NA,NA
b48aa7c0-c24a-40b9-8fc7-ffcb79477748,No,Yes,NA,NA,NA
b4ef892c-993c-4d13-845d-d6f52e2f50af,Yes,Yes,NA,NA,NA
b6161db6-a016-42ee-8fcb-46888684bb81,No,Yes,NA,NA,NA
b6766361-28ca-4098-849b-569edb6e099b,No,Yes,NA,NA,NA
ba9c5b40-3762-45ff-a95d-0f7c8fccd0d2,Yes,Yes,NA,NA,NA
babc9036-4867-4850-bb52-b1370cb2a0a1,Yes,Yes,NA,NA,NA
bb1d2b5e-5ffb-40a3-b327-2642a1ec3377,No,Yes,NA,NA,NA
bd65dc73-90f3-4bb5-9a6b-1d77921fb28e,Yes,Yes,NA,NA,NA
bd8e9db3-6dfe-416c-a6e8-c8029a977091,Yes,Yes,NA,NA,NA
bf117a8a-d46f-4ddc-a2b1-c0ee81f0ff8d,Yes,Yes,NA,NA,NA
c0faddea-68ef-4a58-b195-aad7b26d90e0,NA,NA,NA,NA,NA
c1049c09-f963-4749-bd3b-d21b28f7e459,No,Yes,NA,NA,NA
c2cfee17-f263-4b2a-807f-5cb54a41b0cb,Yes,Yes,NA,NA,NA
c4d7d8c1-9c97-4d64-a289-d67461a7a41a,No,Yes,NA,NA,NA
c4e8c5e6-5199-4742-a8c5-f561063d4cc6,Yes,Yes,NA,NA,NA
c563d368-bdd2-4255-9d91-7cc5b644382b,Yes,Yes,NA,NA,NA
c658dd82-aafb-48d0-ada0-b414c12a44dc,Yes,Yes,NA,NA,NA
c6c95714-ae88-4740-9c4b-0197dfeff407,NA,Yes,NA,NA,NA
c6eda228-6e18-47da-8a57-0a739f780f07,Yes,Yes,NA,NA,NA
c74f7cea-f5f4-4ee5-99b7-9ba7a04037a7,Yes,Yes,NA,NA,NA
c88fd2f9-a84f-4259-a92f-463a98ddaef8,Yes,Yes,NA,NA,NA
c8d36976-ff9e-40b6-b467-aeec257dfbf4,NA,NA,NA,NA,NA
c8e66941-fd72-4fc7-8194-62f3bd6face2,Yes,Yes,NA,NA,NA
ccde64b5-e05d-4c29-885a-4bfea1c52dd6,No,Yes,NA,NA,NA
ce134bee-a811-4d98-8675-67d2af49450e,No,Yes,NA,NA,NA
ce4b3cb3-b288-4fee-ba4c-58da1a061e33,Yes,Yes,NA,NA,NA
cf0bc653-213d-4b67-b165-bd5df2c7186a,No,Yes,NA,NA,NA
d0e10110-7772-4aa4-919a-fda098b2a115,No,Yes,NA,NA,NA
d23d8f37-54ee-4866-940a-f48e1c351b8e,No,Yes,NA,NA,NA
d4b2c682-a301-49fb-8e68-207449cd8200,Yes,Yes,NA,NA,NA
d5266b58-b7bc-426d-9743-d7cde54cdaf1,No,Yes,NA,NA,NA
d77f654c-8d64-48bf-ba9c-4868ffbb4ea7,No,Yes,NA,NA,NA
dca62933-d0c9-4b4e-8f13-fadbcd4062e8,No,Yes,NA,NA,NA
dd49d19c-73ba-4cbb-a139-899bcbacf956,No,Yes,NA,NA,NA
de31177f-e781-4592-8dc7-5e8182ca81a6,No,Yes,NA,NA,NA
df26a04f-c287-4766-9c36-344b59a55d85,Yes,No,NA,NA,NA
dfebb27c-0d30-4fa5-bc0c-e146ce675bc6,No,Yes,NA,NA,NA
dff57baf-4bdd-4abd-b624-28fe0064604a,No,Yes,NA,NA,NA
e0f3c189-d4d3-4494-b8cd-cee1ffa9f2dc,Yes,Yes,NA,NA,NA
e12f0180-2572-4b2f-aad0-0d1cb2dab8d0,No,No,NA,NA,NA
e1866ce2-c825-4226-9166-980f6797e80c,No,Yes,NA,NA,NA
e5a8f281-75b1-46b8-b292-1a8f4ee429ae,No,Yes,NA,NA,NA
e5d03802-7ff0-4673-a672-63515b5f04d6,No,Yes,NA,NA,NA
e6e3db79-06f9-422b-b780-962547a15db1,Yes,Yes,NA,NA,NA
e7da2b23-b1a1-433b-b13c-e65948685c14,No,Yes,NA,NA,NA
e9a1a405-3fbb-4efb-8342-55516c1dc911,No,Yes,NA,NA,NA
eae4152e-917e-4c50-bbb1-fb4e191ecbe1,No,Yes,NA,NA,NA
ed17704e-ccd0-401b-baa8-13ccc0a23815,Yes,Yes,NA,NA,NA
ee2ebbe4-f4d2-4198-b8f7-082746617c1a,NA,NA,NA,NA,NA
f9021f56-55cb-4b56-8fce-613bea1434e3,NA,NA,NA,NA,NA
fb1823d3-b1f6-4515-94a7-28520be342ff,Yes,Yes,NA,NA,NA
fb2efd67-3c3e-4fe7-a205-dab3c2d49dff,Yes,Yes,NA,NA,NA
fc3cb8d5-1064-4b69-aa8c-612d3f41c093,Yes,No,NA,NA,NA
fc4a0936-3162-43cd-966a-fc2c1e6b8e64,No,Yes,NA,NA,NA
fec878c9-7c42-45c5-bba4-85a0bb4d2a0b,No,No,NA,NA,NA
ff8ecc59-7fb0-4ba6-a9a6-412058976182,NA,NA,NA,NA,NA
ffa794ba-4eb7-4482-a038-ce4ff4cb021f,Yes,Yes,NA,NA,NA
ffd6d43a-f215-48c7-9cf7-24b86c1cf85a,No,Yes,NA,NA,NA
0004f42d-77bf-45a3-8017-2c8d5ec6c15d,Yes,Yes,NA,NA,NA
001c891a-515e-4621-b53a-d49a6dc47f37,No,Yes,NA,NA,NA
0058076d-cca5-4f5c-93ea-d6ff843fafb2,Yes,Yes,NA,NA,NA
01e79719-f94c-4096-8472-73a1bde5b660,No,Yes,NA,NA,NA
01e96b68-8cc6-4a8e-a136-c6d21529f312,Yes,Yes,NA,NA,NA
02ceb3cf-ad5b-4b4b-ac13-3f1cc280edb9,Yes,Yes,NA,NA,NA
031d0059-d5a6-4521-a0b3-f6d5306fb127,Yes,Yes,NA,NA,NA
0368794b-3d76-4513-948e-4549e6d8bf74,Yes,Yes,NA,NA,NA
039bc3f0-bf01-4066-97f7-877a41f37c49,Yes,Yes,NA,NA,NA
0440321b-e805-4c07-bb80-5ccd79bea12d,No,Yes,NA,NA,NA
0469f8e1-1c4e-4a72-93af-717162b8feb5,No,Yes,NA,NA,NA
064da599-f87b-4f8f-b5fc-ad13c3b7a5ee,Yes,No,NA,NA,NA
066c9bed-7d6c-4b4c-a2f7-91b7e7b3c8ce,Yes,Yes,NA,NA,NA
067c12e3-8a06-440a-a849-be690b8b950c,No,Yes,NA,NA,NA
06f2d93e-5efb-41b3-9549-7ccf57ca068a,No,Yes,NA,NA,NA
0755b572-4ec1-4d16-a1db-642b57302fb5,Yes,Yes,NA,NA,NA
07d29e76-2278-41f7-a868-e49daf50cb8a,Yes,Yes,NA,NA,NA
07d3826c-1a33-4c5e-95cb-f9dbc23c8ee0,No,Yes,NA,NA,NA
08571a9f-e05d-47ce-90ec-f4fbb2b6cf15,No,Yes,NA,NA,NA
086cfc4f-c467-44eb-be44-3689e7334835,NA,NA,NA,NA,NA
08a2ddaa-c8b6-4b9f-8e55-14769fb574b6,NA,NA,NA,NA,NA
090736df-4288-4c57-91bc-2c5f38c1b8bf,No,Yes,NA,NA,NA
0cb0cd06-6509-481c-af10-90a0bea0a44c,Yes,Yes,NA,NA,NA
0cd3828e-8271-4e4a-8578-b128000267ab,Yes,Yes,NA,NA,NA
0d215804-3420-4d16-be09-fc0659c91cd3,No,Yes,NA,NA,NA
0d387b07-c063-4329-9cbe-61bc7553b2ed,No,Yes,NA,NA,NA
0e5fea72-b64a-4483-9a31-526f37f7d4d8,Yes,Yes,NA,NA,NA
0f442dc1-4325-487e-9e3c-cdffc37824c1,Yes,Yes,NA,NA,NA
10f1ebdb-7363-44f4-8ea1-e1dbbaeb2d39,No,Yes,NA,NA,NA
10fbf423-9ba0-4541-8dbc-bc8db8920543,No,Yes,NA,NA,NA
110b3375-0c28-4d69-b7c2-035d1fe6e26e,No,Yes,NA,NA,NA
11ec6015-250e-404c-b802-8fe98682963e,No,No,NA,NA,NA
12120a5f-3907-4f1a-91cc-c4b6a2c97b71,Yes,Yes,NA,NA,NA
12590ba4-af9e-403f-adf6-2934c7e1f62d,No,Yes,NA,NA,NA
1323af5f-9bff-4e2a-bed0-e55d3fb29c3b,Yes,Yes,NA,NA,NA
1355dfe6-c095-480d-b0ec-c1de56f364ee,Yes,Yes,NA,NA,NA
138079d0-9cf3-4557-bbbc-c2abc8016a7a,No,Yes,NA,NA,NA
13e3c94d-4812-456d-abcd-cc3bf6ee1848,Yes,Yes,NA,NA,NA
163f4c5d-dc67-44a7-a434-9d48dd492438,No,Yes,NA,NA,NA
16eae40d-1f08-462a-b087-19fe1de8cadb,No,Yes,NA,NA,NA
17e4d86d-2eb9-41ca-b1a0-299088f57645,No,Yes,NA,NA,NA
1807b2a4-ce4a-4aef-95ca-09bcd958872b,No,Yes,NA,NA,NA
1831da32-9c61-48a9-8bef-b081cc3201cc,Yes,Yes,NA,NA,NA
189b5c7c-eb4d-4c5c-b8c9-9fe5bdd3a476,No,Yes,NA,NA,NA
18a1f1eb-b595-48a0-a937-9f23d493682a,Yes,Yes,NA,NA,NA
18ff7dfd-2763-4e71-ae0c-77ce59bc8b79,No,Yes,NA,NA,NA
198d47f5-145c-4963-9e7e-1efead33ebd4,Yes,Yes,NA,NA,NA
1a3e65d4-93b3-4fb5-9f05-6588bee132eb,Yes,Yes,NA,NA,NA
1acec268-ab7c-4a6a-841d-076c0d277ffc,Yes,Yes,NA,NA,NA
1b8ebc29-6f3e-43a8-be44-d4b33b602218,NA,NA,NA,NA,NA
1bee3fca-f639-43b3-a669-92cad823477e,Yes,Yes,NA,NA,NA
1c694a69-9bab-481b-ada6-6f5050f77101,Yes,Yes,NA,NA,NA
1d6473cf-ef77-4238-833a-5e7f4a66d9d9,NA,NA,NA,NA,NA
1dde24c0-bca7-4e9d-9dbf-e926491858bb,No,Yes,NA,NA,NA
1df0fa33-461b-4520-b6f5-d0869eb53a20,Yes,Yes,NA,NA,NA
1e8da307-adf7-4d2a-b620-d8375efff707,Yes,Yes,NA,NA,NA
1fdf102c-b952-41d1-a47c-19e88c6d23fe,No,Yes,NA,NA,NA
204705db-58cd-4b78-8a7c-0abea749fe34,Yes,Yes,NA,NA,NA
20cca931-87c7-4954-be41-3cddc7b04fab,Yes,Yes,NA,NA,NA
215c4ad6-3910-4f5a-99f6-7d68ef6452aa,Yes,Yes,NA,NA,NA
21718a20-84a2-421a-986a-62a4a8267ff7,No,Yes,NA,NA,NA
21a38a8c-a617-41d1-a382-efb60bf09eb4,No,Yes,NA,NA,NA
21ca392c-4c54-45ac-952c-57f1ff23ddd7,Yes,Yes,NA,NA,NA
238e50d7-a183-4ef1-832a-80d734b4c557,Yes,Yes,NA,NA,NA
248ef55d-3f2a-46ea-adcc-72e7ecf5200d,No,No,NA,NA,NA
24ab82e7-a9cc-4d9b-b04e-e34d66c8ec0f,Yes,Yes,NA,NA,NA
24d9c8db-a506-4c75-bf1b-0b910a4cda35,No,Yes,NA,NA,NA
251f917c-8354-4da0-943b-c2b9aaee2c65,No,Yes,NA,NA,NA
25d0a1f4-fc6a-47f7-a5fc-40cc185f13f4,No,Yes,NA,NA,NA
262539a5-6cdf-4642-b87e-e8e6081beb7d,No,Yes,NA,NA,NA
26751410-38da-499f-9615-a57bb7817585,NA,NA,NA,NA,NA
26e65141-4354-42e2-ba2c-477f8873dabf,Yes,Yes,NA,NA,NA
272937b2-0cbb-4ba9-beaa-a0a6896784e0,Yes,Yes,NA,NA,NA
27314809-675a-4fd3-b654-6c9a2580d648,No,Yes,NA,NA,NA
2892c8c0-18c7-47bd-8b60-886d1b8a611a,Yes,Yes,NA,NA,NA
28d0ab47-350b-4698-b2f4-cc5f0342cb52,Yes,Yes,NA,NA,NA
28f44b0e-c76f-4d70-8b30-5c4c9d127980,No,Yes,NA,NA,NA
2947744f-ddfa-4125-87ac-9ddca043b6b7,Yes,Yes,NA,NA,NA
2971a96b-2e38-4511-bbd7-f66057fdb50f,No,Yes,NA,NA,NA
2aeeb840-b08d-4062-9ad4-7a738de2f34a,Yes,Yes,NA,NA,NA
2befad3e-d03b-4f59-8149-313683d31bc0,Yes,Yes,NA,NA,NA
2ccaff8d-73ed-4009-8510-5e8809a1302a,Yes,Yes,NA,NA,NA
2cd9acd4-0f40-4a1c-befd-48eef0ab3804,Yes,Yes,NA,NA,NA
2ce31398-70d5-405d-a604-49704364090b,Yes,Yes,NA,NA,NA
2e0b50f7-456d-4ff9-8805-2a33510e4868,Yes,No,NA,NA,NA
2f1c2684-9248-4bcb-9002-88a2ec09d2a2,Yes,Yes,NA,NA,NA
2f49cc25-961b-492b-be66-6c0236b1c0c5,Yes,Yes,NA,NA,NA
2fcc5346-4000-4c31-84b7-84b668508be8,No,Yes,NA,NA,NA
304bc7fe-df53-4e3e-8f5a-6af95edbbfac,No,No,NA,NA,NA
308fc087-1d3a-4d39-bacc-f7281508f4c6,No,Yes,NA,NA,NA
3174f0fd-3317-4e7d-9bf0-c931fcdf4957,No,Yes,NA,NA,NA
32fb91d7-0138-4197-ae75-484997a901f0,Yes,Yes,NA,NA,NA
33fd8f4e-e95c-44c5-aa90-0d8e872da9e9,Yes,Yes,NA,NA,NA
3505160d-ccf1-4df1-a1e7-035fa741a4fc,No,Yes,NA,NA,NA
35237a96-c061-439e-ac70-fbe8d4edce88,No,Yes,NA,NA,NA
3527efc7-3869-40c5-a044-7c18ede1d0d7,No,No,NA,NA,NA
35bfb0df-0cfd-44c8-8705-b2fe3470c174,No,Yes,NA,NA,NA
35e754ae-30fa-420b-965a-295434d4c452,No,Yes,NA,NA,NA
368dc404-4988-4d07-b0cb-ac8adf7cc334,NA,NA,NA,NA,NA
379e6bed-00f6-46da-bc59-10dffc98ce95,No,Yes,NA,NA,NA
382091b9-3c15-4330-a962-7a129e4828ca,No,Yes,NA,NA,NA
38bf5c59-381d-47f7-be52-e86c97376fd5,Yes,Yes,NA,NA,NA
38cb1dc2-0787-486f-8f6c-2436e0251e24,No,Yes,NA,NA,NA
38f59749-1df9-48db-8fc0-b332a7b0a9ba,No,Yes,NA,NA,NA
399b54f9-1939-4ed6-9120-edd883abe773,Yes,No,NA,NA,NA
3a937998-4965-454c-bcd1-1fc616f087be,Yes,Yes,NA,NA,NA
3c41a518-b287-4734-b7ff-6d8a233bf902,No,Yes,NA,NA,NA
3cfea5c0-de57-41ac-85d5-48311abd1cfb,No,Yes,NA,NA,NA
3d6b6bc6-8d65-4cfb-b1d7-90a6a32a019f,No,No,NA,NA,NA
3d914521-df7c-4154-bcf4-26202a03d14a,Yes,Yes,NA,NA,NA
3d953ec7-8485-40bf-b8ed-eae8f09a7655,Yes,Yes,NA,NA,NA
3dd3cb4e-93f6-4130-9dcc-c64eb23aedb9,Yes,Yes,NA,NA,NA
3dd46a1e-5201-4a9e-aa6e-0671a7f56868,Yes,Yes,NA,NA,NA
3e154627-bd55-43d5-8c35-b2bf1a48fb01,No,Yes,NA,NA,NA
3e28e7d1-28e4-4c4c-9351-97c4b4381cdd,No,Yes,NA,NA,NA
3efeccc6-c2c2-4580-bb6d-970037cca081,Yes,Yes,NA,NA,NA
3f7bd9f8-76b3-4f22-9725-ea6daf493f81,No,Yes,NA,NA,NA
410bbe16-a912-401b-a1e5-2a13b8511700,Yes,Yes,NA,NA,NA
41ea339c-8927-45b1-98aa-325afc052d38,Yes,Yes,NA,NA,NA
4200fa8a-5ec8-49d5-b47a-12207e0743cf,Yes,Yes,NA,NA,NA
4232e809-c666-484f-9175-9598d43b5a4b,NA,NA,NA,NA,NA
4375f4e4-d5c0-44d8-9eeb-b748a5672bf6,NA,NA,NA,NA,NA
43d51cf2-6ee8-471f-9949-4d0e35b8aa22,No,Yes,NA,NA,NA
44558ded-4fa5-45dc-81f3-344be831f284,Yes,Yes,NA,NA,NA
44af829d-7fb4-41af-ae7c-5aae1d474e8e,Yes,Yes,NA,NA,NA
44da3b3e-fca1-40ac-aeaf-8aa2d4f23291,No,Yes,NA,NA,NA
458247cd-c6c3-4390-9e24-e99a220c9f48,Yes,Yes,NA,NA,NA
45c5883a-a7be-48ac-9092-df0c39c1056b,Yes,Yes,NA,NA,NA
45f6b1fa-d476-46d7-9dac-da3361167761,Yes,Yes,NA,NA,NA
46081333-dd8b-4bec-9687-29bc5523652f,NA,NA,NA,NA,NA
4727da9b-6d1c-4bc1-a9f6-5ce52fb75da0,No,Yes,NA,NA,NA
4754349c-3988-42e5-8843-ae02ed3671c7,Yes,Yes,NA,NA,NA
47593e4a-7e6e-493b-81da-74208392bb11,No,No,NA,NA,NA
475acdf3-1af3-40a0-9879-15798bf69519,Yes,Yes,NA,NA,NA
47941de6-d434-424b-837b-6e1f30634e94,No,Yes,NA,NA,NA
49693d78-f265-44f1-acd3-ea0affb84bb2,Yes,Yes,NA,NA,NA
49971239-e594-48da-a4cb-9d58525b24b2,Yes,Yes,NA,NA,NA
4aa9fe3d-166d-43f1-90a6-b7455c612e43,No,Yes,NA,NA,NA
4ae1d3e5-fe7c-4335-a84e-05acd476ccce,Yes,Yes,NA,NA,NA
4aeb97c1-2c44-4d8e-9af3-f2344eed7e3d,Yes,Yes,NA,NA,NA
4b3fc068-1d18-4e63-93c2-5ea3987dfe0c,Yes,No,NA,NA,NA
4c69148e-91bd-4951-a16c-145d9045dd14,No,Yes,NA,NA,NA
4d246614-9824-4fac-a1a9-f3e6293396e1,Yes,Yes,NA,NA,NA
4e04d16b-de2b-430e-afa2-c2bbf119d75f,Yes,Yes,NA,NA,NA
4e515684-f975-4105-ad67-16139ff6bc74,No,Yes,NA,NA,NA
4e9b57e1-5e83-421b-aa43-73a8131d0d5d,No,Yes,NA,NA,NA
4eaabdfe-a791-4d3f-91b7-72df6bbc0409,Yes,Yes,NA,NA,NA
50479a5e-f710-4d7b-b82d-7829633c4644,No,Yes,NA,NA,NA
50d6affc-01c1-40b5-ae91-a798c1672cde,No,No,NA,NA,NA
50f20654-9eb6-4f0e-bc77-c10eb1c0e1fe,Yes,Yes,NA,NA,NA
519aa295-bee7-4151-9a08-ff38656f0878,No,Yes,NA,NA,NA
52e11b11-c521-4401-a011-e2322d88de88,No,Yes,NA,NA,NA
53054f61-1168-4ae0-8984-63ea83f49c72,No,Yes,NA,NA,NA
539aaa3d-3119-492a-8faf-2f26cb9367eb,Yes,Yes,NA,NA,NA
5462ef36-38e2-4b8c-b7a2-ec8bbc88e7a1,Yes,Yes,NA,NA,NA
55b57de6-94ae-4668-945d-4465191c330d,No,Yes,NA,NA,NA
55bf67f6-7bc1-4f19-8072-0f409475a5b2,No,Yes,NA,NA,NA
55c04a09-a8cc-4906-8954-44118ad66b4e,No,Yes,NA,NA,NA
56f3cee5-ce03-4833-b1a6-cf7e7b7ca763,Yes,Yes,NA,NA,NA
5761f00d-7e52-4ed5-9952-a3d4c343ba97,NA,NA,NA,NA,NA
57fed34f-982d-4282-b260-a24dd40aaedc,Yes,Yes,NA,NA,NA
5831c5d3-72e2-417e-a2f4-9ff90321cd64,No,Yes,NA,NA,NA
593ef7d4-c6b8-4c59-9668-5853b43b46ee,Yes,Yes,NA,NA,NA
599af0e7-fd47-4bb8-affd-e6878cba7089,Yes,No,NA,NA,NA
59f64232-b291-46ed-a96f-757a10fbbba6,No,Yes,NA,NA,NA
5aa709f4-4d8d-4ca3-8cd9-0367c134b4a3,NA,NA,NA,NA,NA
5b1c474a-baf8-4b39-b681-bab3a9426079,No,Yes,NA,NA,NA
5b7df1c0-2ee6-47de-b1e0-04df6b3b7dc3,Yes,Yes,NA,NA,NA
5b88cf48-5416-4a90-8690-76f386ff4d85,Yes,Yes,NA,NA,NA
5bef3b50-deaa-4297-96f4-877fda029329,NA,NA,NA,NA,NA
5c41399e-2f90-410d-9544-0c7e9cf75318,No,Yes,NA,NA,NA
5cbf4c99-7e64-4560-9e85-fecdcc3f9f9a,No,Yes,NA,NA,NA
5d79d07a-3e3d-4cc9-ac40-59e0d5072c40,NA,NA,NA,NA,NA
5d7d741d-c321-4262-b358-98eb727e39f7,No,No,NA,NA,NA
5ed59beb-2926-401d-a087-2352b40a0952,Yes,Yes,NA,NA,NA
5fae111c-9ca7-4d65-b524-1a4d63c05b1c,Yes,Yes,NA,NA,NA
5fbca1ed-a52d-48cc-92ba-ab85fc143c08,NA,NA,NA,NA,NA
5ffb5732-1809-4c27-8cc8-d3178b8bc871,Yes,Yes,NA,NA,NA
60bc07ae-8cba-45ac-ba75-11a02250685d,No,Yes,NA,NA,NA
60e571b7-0b0c-4b9d-bbd9-ac04c7a4ea69,No,Yes,NA,NA,NA
61d7aa09-4af3-4d8b-b0d4-bb527082d921,Yes,Yes,NA,NA,NA
62c253a0-c32d-4eb6-98c3-e47c5e036aa0,Yes,Yes,NA,NA,NA
631a42e9-a978-4852-8b03-0bdc8a6915e7,No,Yes,NA,NA,NA
631c151d-7f95-407b-b499-39b6bf1b2260,No,Yes,NA,NA,NA
6361b5e2-520b-4065-b210-ba9795bcb5c6,Yes,Yes,NA,NA,NA
640d8116-c688-4a16-910b-b019f4d8e195,Yes,Yes,NA,NA,NA
651ce867-2686-4cb7-b6ef-d2b19297350d,No,Yes,NA,NA,NA
653a9bfb-e564-4574-83df-209c18d9f551,Yes,Yes,NA,NA,NA
6663547d-dcdd-43ab-8223-a56ab1231d3e,No,NA,NA,NA,NA
66c99d24-a8c0-416d-8a6e-a805b9012321,Yes,Yes,NA,NA,NA
67b21d85-a55e-47ea-8360-4b85322f5219,No,Yes,NA,NA,NA
68322fa3-7113-4e24-8c73-6ea76fce95de,Yes,Yes,NA,NA,NA
6896346e-28be-46e7-abc4-cb7e924fc9c7,No,Yes,NA,NA,NA
6897a473-93f0-407e-bb30-363f4904ae32,Yes,Yes,NA,NA,NA
6905a981-bbb5-4af7-b01d-4c5229d73098,No,Yes,NA,NA,NA
697c7bf4-f389-4652-95b4-a42ccca33452,Yes,Yes,NA,NA,NA
69d71f1e-8092-4f62-9c3d-a565f0e1f483,Yes,Yes,NA,NA,NA
6b71b853-1b80-4937-bb0e-db6126ecfa02,No,Yes,NA,NA,NA
6c393211-5dbb-4ebe-b229-a1a9541615a2,No,Yes,NA,NA,NA
6c683bca-b7ed-48b3-bc11-1a8ab5204d31,No,Yes,NA,NA,NA
6c8dd991-9692-414a-9b13-23970ccf8259,Yes,Yes,NA,NA,NA
6ce34950-d997-4923-931a-e88d4d609325,Yes,Yes,NA,NA,NA
6ee85e9b-e18b-4846-965d-9e5dfb91533c,No,Yes,NA,NA,NA
6f7a3868-b672-466c-81ed-02ca4aa7fc91,No,Yes,NA,NA,NA
702621c0-4908-4d06-a72f-21db69142078,No,Yes,NA,NA,NA
703e25ee-ee0c-4fd0-8007-b8d797bbf869,Yes,Yes,NA,NA,NA
71d974a9-6575-4651-a776-15c3aa319735,No,Yes,NA,NA,NA
72a0d854-60aa-4089-977a-6aca5de9692f,No,Yes,NA,NA,NA
73bd26c7-4660-4339-a344-ec172a9e36a6,No,Yes,NA,NA,NA
7429c451-9389-44c1-b32b-5a4341ae2e8a,Yes,Yes,NA,NA,NA
74dce02f-6956-437b-ba0e-f873a843c495,Yes,Yes,NA,NA,NA
75061859-6e32-4f5d-9ff3-23a05bbd8abb,Yes,Yes,NA,NA,NA
75764cd1-3b52-4a28-a651-3b609ca71cd7,NA,NA,NA,NA,NA
760ddf9c-db69-4964-89f4-4474a8a3935d,No,Yes,NA,NA,NA
77218a10-51bd-4c11-8243-7331601a5f17,Yes,Yes,NA,NA,NA
77e2ab85-1fdd-4dc5-8c4f-88c976415eb3,Yes,Yes,NA,NA,NA
780862fd-f9b3-49ed-9b7d-d6f61e569a8d,No,Yes,NA,NA,NA
786224cf-3ae3-4f05-b3fb-1051b9cfc925,Yes,No,NA,NA,NA
79dd5be2-6b12-453a-98ec-5e558426179c,No,Yes,NA,NA,NA
7aa8d5bd-5f27-45df-b1a9-b0a3ea9d22fd,Yes,No,NA,NA,NA
7b42d2a6-c3a0-452a-9d3c-4eaffe87b556,Yes,Yes,NA,NA,NA
7b630c46-79e8-41c6-b3cd-249f62be445a,Yes,Yes,NA,NA,NA
7ce2baaa-4fe2-488c-ae09-1433cc5769c9,No,Yes,NA,NA,NA
7d44f424-738d-472a-9187-4710519100f0,Yes,Yes,NA,NA,NA
7d6d3a10-12cf-4faa-a7a0-90a16d2efaf2,No,Yes,NA,NA,NA
7d8d0232-eaf0-4c8c-a4f4-41886025d17d,No,Yes,NA,NA,NA
7e0939a8-a4f3-47c5-9e22-030948f278d1,Yes,Yes,NA,NA,NA
7e5767eb-cbed-4a51-be4f-9848ca0d9a26,No,No,NA,NA,NA
7ed56bf8-c3e8-467b-84e4-c0e4657100d3,No,Yes,NA,NA,NA
7edd667a-4ae5-47c7-8e75-c325cd1ca9dc,Yes,Yes,NA,NA,NA
7f009093-431a-49e7-908e-f5ea39cbdfc4,Yes,Yes,NA,NA,NA
7f65c290-4be5-4f38-9b05-f79adae613ab,Yes,Yes,NA,NA,NA
81893f68-d349-4af7-bb55-084736c4e964,Yes,Yes,NA,NA,NA
81d9da1a-786e-4d87-8844-c6c5788d1f9b,NA,NA,NA,NA,NA
81df7c9e-a18a-4be6-849b-1b94dd56cc39,Yes,Yes,NA,NA,NA
829555cb-b0df-4cc4-a163-f62fd0fdac94,No,Yes,NA,NA,NA
84ad44c6-7c9a-467c-a35b-bc09e6c31d6c,No,Yes,NA,NA,NA
84f9b5e6-6234-4b4e-b60f-4e72da57c7ff,Yes,Yes,NA,NA,NA
85740291-cc01-4198-8687-f8a51e4ee0a9,Yes,Yes,NA,NA,NA
85b76e6d-1317-4d00-98d6-08bfaa3f8b47,No,Yes,NA,NA,NA
85fa79c2-734d-4692-a2f2-b245fb1e923a,No,Yes,NA,NA,NA
875a3b0d-e0a6-4b3b-a370-412d33118a8b,Yes,Yes,NA,NA,NA
899f11ec-bbab-482d-8cea-8c3cc99901c5,NA,NA,NA,NA,NA
8a111436-0bf6-41e3-ab31-fdc5f5d4a5b1,Yes,Yes,NA,NA,NA
8a6ef7fa-33d0-4376-b534-a443a756b7be,No,Yes,NA,NA,NA
8ab51273-ef61-4db1-bb69-9cc4776c2068,No,Yes,NA,NA,NA
8b25d5d8-7b22-485c-ab4e-4c8ec57359c2,No,Yes,NA,NA,NA
8bbfff2a-61e2-4963-b396-2fb0c67d3315,Yes,No,NA,NA,NA
8ee0b659-dc4a-4ead-a3d0-da8203eb7775,No,Yes,NA,NA,NA
8ef1aebd-86a0-4cce-92c5-fdb27bfe556c,No,Yes,NA,NA,NA
8f50089b-b546-4683-aaa7-f4b3fe1c5730,Yes,Yes,NA,NA,NA
8f9a51be-c570-40f9-9df9-0ae34a27a506,No,Yes,NA,NA,NA
8fbf6216-db89-47df-899f-23538b867db5,No,Yes,NA,NA,NA
8fd30241-39fe-4698-be47-e2609a3ddbe1,NA,NA,NA,NA,NA
9048890d-e50b-49f0-9acf-3489183035d1,No,Yes,NA,NA,NA
90773bff-f43e-488c-a261-086c484f2f4b,Yes,Yes,NA,NA,NA
90ca6629-4c1e-490a-956e-7390d33f8a4b,No,Yes,NA,NA,NA
90db507c-5025-459b-b465-9346daf3dd0a,Yes,Yes,NA,NA,NA
9170af74-3495-43ed-a904-cabba5167b01,NA,NA,NA,NA,NA
925f6ea7-a396-4c52-9d78-43b79c0961aa,NA,NA,NA,NA,NA
927c3320-c57e-4fb0-8f46-d148f66cdbb0,Yes,No,NA,NA,NA
9313a741-d0c0-4520-a016-7c9ca5e54d28,No,Yes,NA,NA,NA
9378be97-8285-4adf-8230-4c8987b6a34a,NA,NA,NA,NA,NA
94d4f8f2-f021-45fe-b061-42fe81257552,No,Yes,NA,NA,NA
95730b41-095d-4467-af53-53e3535612a3,Yes,No,NA,NA,NA
9644a975-9e61-4463-b29b-d2c0e218c133,No,Yes,NA,NA,NA
970654b4-6e11-4a4e-885d-34cd14fe5595,Yes,Yes,NA,NA,NA
977c1250-4853-4a78-9520-54d19ed78fed,No,No,NA,NA,NA
97e360a1-e6e4-4646-a49d-b7cb9aae8be8,No,Yes,NA,NA,NA
981e1368-6fb3-4bba-9b1e-060669be2488,Yes,Yes,NA,NA,NA
984d7cdd-b940-4fc3-80aa-21a9e2386ef1,NA,NA,NA,NA,NA
989df33a-05e3-416d-b0eb-f4260d367e07,Yes,Yes,NA,NA,NA
9a18c65e-c89e-41c9-a2f4-88def556059f,NA,NA,NA,NA,NA
9a5c8d5b-3b80-4518-b396-cddbfe80d304,Yes,Yes,NA,NA,NA
9a5c9c82-5ab4-4114-8f8c-503288a621d3,Yes,Yes,NA,NA,NA
9ad2dd19-e5d0-4dab-90ee-b3e985617b29,No,No,NA,NA,NA
9b077593-0f27-4607-a4e4-1cad91a5067d,No,Yes,NA,NA,NA
9b0e009c-90b8-4e0f-8613-077b2c13116e,No,Yes,NA,NA,NA
9b898ae2-fda3-4ded-af2d-bb7b164275bc,No,Yes,NA,NA,NA
9bf4e928-f89c-450e-bd9e-8c0e299d7e2a,Yes,Yes,NA,NA,NA
9c554c2c-73a4-4a43-b5c0-9a2ed2393553,Yes,Yes,NA,NA,NA
9ce3aea4-aca1-4517-8aca-f3a24d14ed07,No,Yes,NA,NA,NA
9e749aa3-2661-49f7-beb1-e28fd7b7287a,Yes,Yes,NA,NA,NA
9eaeeeac-6224-4dfb-97a5-ca8c5479d599,Yes,No,NA,NA,NA
9f707440-2c83-47eb-bdfc-18fcb5b7eba6,No,Yes,NA,NA,NA
a06c783a-578e-4b89-9410-64b8ab3efb35,Yes,Yes,NA,NA,NA
a0bb4a41-d371-4278-821f-a4c963128867,No,Yes,NA,NA,NA
a0ebab94-d2f6-4ab1-b382-b33cd3fb18fc,Yes,Yes,NA,NA,NA
a23a800f-adc7-4fbb-9bcd-8cbf05edf082,No,No,NA,NA,NA
a415ceff-024f-4448-9675-88b330810df4,Yes,Yes,NA,NA,NA
a43d8930-1920-43cb-b5d8-368da4859250,Yes,Yes,NA,NA,NA
a5211b7a-03ee-4e55-91d1-8ca516aa0c4c,No,Yes,NA,NA,NA
a58fc435-5ae3-4faa-a49a-fdbff0771164,No,No,NA,NA,NA
a6147fda-4f8b-4b60-a9de-74e90001841e,No,Yes,NA,NA,NA
a637123b-382f-432c-82eb-3e0646dc3add,No,Yes,NA,NA,NA
a63959fc-1667-41ab-8ace-f719cedc39b3,No,Yes,NA,NA,NA
a6f72929-e33f-4220-989b-b915e3846ce6,NA,NA,NA,NA,NA
a87a57f6-2b27-4b28-80f3-68c96f7c92e7,Yes,Yes,NA,NA,NA
a8f43e11-2291-4676-a3ee-6190acad025a,Yes,Yes,NA,NA,NA
aa103df5-1a56-49c7-9dd4-9f5ec8e1896b,Yes,Yes,NA,NA,NA
ab215930-9309-4cab-8e31-ace2e2b052a6,Yes,Yes,NA,NA,NA
abf2eb08-5ee6-4033-8657-da1383e04636,Yes,Yes,NA,NA,NA
ac9c5009-4cbd-41be-9c62-10e4c2c13c84,Yes,Yes,NA,NA,NA
aca7550f-5b40-4f72-aee7-44fde3b186e5,Yes,Yes,NA,NA,NA
acb896f7-cf99-4fc1-b19e-65b69bf5776c,No,No,NA,NA,NA
adb32b2c-2148-4bd3-b9ff-15601d00cb3d,No,Yes,NA,NA,NA
ae018e00-c101-4015-bfc4-3d2f2e36693f,No,No,NA,NA,NA
aea2665c-c0ab-43c0-9f3d-efbdef191072,NA,NA,NA,NA,NA
af7a25b4-a329-438a-b386-57da07b23e95,Yes,Yes,NA,NA,NA
b02abacb-3ae8-44d4-a6e3-14dc342eb6a4,NA,NA,NA,NA,NA
b13e113c-a6e3-43c2-b19d-7ebc554e4142,Yes,Yes,NA,NA,NA
b52e4712-0d98-4f2c-9419-a652240cb6ea,Yes,Yes,NA,NA,NA
b5b90abb-c355-4733-904f-ba22794d90ba,No,Yes,NA,NA,NA
b6e5be52-5e6a-4243-b3a7-489fcf27ccbc,Yes,Yes,NA,NA,NA
b796a4da-cdb1-4435-b846-1389ab7ecf11,No,Yes,NA,NA,NA
b908a68a-c2b0-4e6b-87e3-9a51714b770d,No,Yes,NA,NA,NA
b997c5b1-0810-4a2f-b9b5-5b5977989fa6,Yes,Yes,NA,NA,NA
ba2568da-e06c-4830-82e9-ae29032ec063,No,Yes,NA,NA,NA
ba7ba05d-ed7a-4a6d-b06e-95e6509991a9,No,Yes,NA,NA,NA
bb4e25c1-926a-48be-8173-d86fb44e4f33,No,Yes,NA,NA,NA
bc46a07f-0da7-4c2e-b75e-f95d72f95dd4,Yes,Yes,NA,NA,NA
bc55fe7f-7fcb-435a-bf03-76d37ef62b43,Yes,Yes,NA,NA,NA
bda34efb-6e69-40ed-a7b2-4fe403b2c533,No,No,NA,NA,NA
be16869b-2933-4a40-91b9-88661d0fbabb,No,Yes,NA,NA,NA
bf33380a-e918-4f05-807c-3d92c1e28630,Yes,Yes,NA,NA,NA
c03e1172-d8ef-4f28-8692-c353af6e761d,Yes,Yes,NA,NA,NA
c0a5a1b8-2914-410d-823a-ea8a3667fbac,Yes,No,NA,NA,NA
c1bf3083-e1ee-460f-97ac-ca0e880fc680,Yes,Yes,NA,NA,NA
c1f003c7-8d81-464d-94c1-628c5492004f,Yes,Yes,NA,NA,NA
c2091e99-4a6c-4528-b7aa-cdbc703203a3,No,Yes,NA,NA,NA
c3393a4f-fb87-421b-86e0-177959b5f02b,Yes,Yes,NA,NA,NA
c3570b19-a6a8-4613-88f4-ad8ffb1e3e4d,Yes,Yes,NA,NA,NA
c474068a-1ddf-4fd3-84be-a42014d1671e,No,Yes,NA,NA,NA
c744bfb3-5853-4538-9546-d626ba837fad,Yes,Yes,NA,NA,NA
c9683a4d-4375-4e7d-9e8f-61459629f341,No,Yes,NA,NA,NA
cb14226f-b60f-4717-924a-6c9e9434e505,No,Yes,NA,NA,NA
cc075d09-cc9b-4a56-9433-8998c4dd3b08,No,Yes,NA,NA,NA
cc665d78-2d09-414b-a121-9807a7581fa4,Yes,Yes,NA,NA,NA
cc6d5700-7dbe-441d-a67e-7cfbab196907,No,Yes,NA,NA,NA
cccdf4bf-a2ff-4cdb-a5f8-2eb1f7fc6ba0,Yes,No,NA,NA,NA
cd61ece0-5085-4273-9fc0-1e3cfd51ce2a,NA,NA,NA,NA,NA
cdbc194d-3eaa-49c5-824e-a1af43069a95,No,Yes,NA,NA,NA
cdfca843-7ca3-4afd-82b9-d76e40eea7a2,No,Yes,NA,NA,NA
ce0eeefa-5704-4275-870b-30c1f3d78e10,Yes,Yes,NA,NA,NA
cf13294c-7d44-4508-8b00-fedca5ddc857,Yes,Yes,NA,NA,NA
cf8a17ad-23c5-4507-8d68-598370276c4a,Yes,Yes,NA,NA,NA
d087f170-fc37-4724-980e-06ebd45bcb69,No,Yes,NA,NA,NA
d0eb5a75-53cd-4387-880d-c8020a9502a0,No,Yes,NA,NA,NA
d141710f-bc31-42d3-917e-dae56e0b6e30,Yes,Yes,NA,NA,NA
d2470071-d39f-4041-80d0-2cbd1ae624fe,No,Yes,NA,NA,NA
d2a41af9-7637-47c9-9aa8-d525267512c8,No,Yes,NA,NA,NA
d2b34000-05fb-4625-aa66-069bcb62cebe,No,Yes,NA,NA,NA
d3314223-cb62-4085-bdad-84cceb93f7c8,Yes,Yes,NA,NA,NA
d354a964-86fb-4190-a020-5d58754c5e32,No,Yes,NA,NA,NA
d377a1c7-4854-4bf9-a3f9-0b865124729a,Yes,Yes,NA,NA,NA
d4864639-8d5a-4dd2-a448-e0bb2298c067,Yes,No,NA,NA,NA
d50be08d-dba7-4f94-97bd-f51ebde8883a,Yes,Yes,NA,NA,NA
d5957649-43d8-47fc-a707-c6e677a723d0,No,Yes,NA,NA,NA
d612779f-4d63-4ec5-a08b-282a3a2fa31b,No,Yes,NA,NA,NA
d67d010e-dd96-46f0-aa5b-009846296605,No,No,NA,NA,NA
d69871a9-2a6d-4db9-ab86-2e955d8be5ce,NA,NA,NA,NA,NA
d6c7b495-c6a0-4206-8256-7b3ed7e9f8de,Yes,Yes,NA,NA,NA
d806e687-aed2-4053-a6ed-4ff9c5a9e876,No,Yes,NA,NA,NA
da2ea561-6343-4704-b791-83b1e685e257,Yes,Yes,NA,NA,NA
db2a949b-9687-4003-ba73-eb40a7ea3bb2,No,Yes,NA,NA,NA
db6e05cc-33a7-41bd-a409-2a301ed1620d,No,Yes,NA,NA,NA
db7afe65-5d8a-45e9-ac89-06c9d1733b37,Yes,Yes,NA,NA,NA
dc3d0d1b-6581-417e-8f42-ed976356f7cf,No,Yes,NA,NA,NA
dc88d100-5234-4104-90bf-2e87f8690ffc,No,Yes,NA,NA,NA
dcb5837c-14b6-4137-93e4-534f9462f1e4,NA,NA,NA,NA,NA
dcd1d96b-1deb-40b2-af8b-04ac4b9c0f77,Yes,Yes,NA,NA,NA
de02951d-ee91-4a70-ac26-f712344731ba,Yes,Yes,NA,NA,NA
def4e20a-7685-4bb6-8389-0a5b13560bd0,Yes,Yes,NA,NA,NA
df40a1fc-b2bc-4f6f-9e64-8c5718c43d4c,Yes,Yes,NA,NA,NA
df50f107-7430-4eee-af6a-5934c98d9048,Yes,Yes,NA,NA,NA
df76eb15-43ce-48a6-8583-8053e834e3a6,NA,NA,NA,NA,NA
df9e2d80-c223-46da-ad99-63c2d57e5553,Yes,Yes,NA,NA,NA
e07a9ad2-9db8-4a87-b3cf-a907f33db68d,No,Yes,NA,NA,NA
e0c4ae44-08c9-4890-97c6-52c410edc8af,Yes,No,NA,NA,NA
e12310ce-d12c-4c8a-a667-e6564f9da665,Yes,Yes,NA,NA,NA
e15414dc-7900-41cd-be79-fdc9089cc6f5,Yes,Yes,NA,NA,NA
e160b965-1c23-4d08-be6b-832b59a709f8,Yes,Yes,NA,NA,NA
e17da1df-1066-40b7-8352-b03c13f054a0,No,Yes,NA,NA,NA
e245c65c-dec3-40d9-bf87-3bf3a359c5c1,No,Yes,NA,NA,NA
e260f909-340f-49ff-a1a1-f473ab602844,No,Yes,NA,NA,NA
e28b5f3c-32be-4a75-9015-3183d949f8c1,Yes,No,NA,NA,NA
e334654f-4341-4bdd-b5de-eb507694a6f6,No,Yes,NA,NA,NA
e5934a32-1f87-4097-9435-fec10b49f580,Yes,Yes,NA,NA,NA
e5bce620-bcf1-4201-b7b8-d7e88d3aa26c,No,No,NA,NA,NA
e728a61e-7a86-413e-8f8c-693d30573c83,Yes,No,NA,NA,NA
e767e489-34f8-4985-999e-92414269cbf2,Yes,Yes,NA,NA,NA
e76dc124-1cf1-4049-9fbd-d62e2de08234,NA,NA,NA,NA,NA
e7cb218a-7966-43a0-bdaa-049bb5ff95b3,No,Yes,NA,NA,NA
e89c100b-3ac5-41bb-8d7c-0459caa39f31,Yes,Yes,NA,NA,NA
e8dc2584-1369-4e14-8d9d-be217676fbdb,Yes,Yes,NA,NA,NA
e8e58d5d-043a-439c-871c-e9bfc856eb3e,Yes,Yes,NA,NA,NA
e96cc476-19d3-4915-8e2c-b412a46389db,Yes,Yes,NA,NA,NA
ea1222fc-9e88-42c1-b4a6-8be7f60df14a,Yes,Yes,NA,NA,NA
ea49b95b-34b7-45ea-b69c-82d5934f6b84,Yes,No,NA,NA,NA
ea75c65a-f243-4f46-91fc-b3698e445cc3,Yes,Yes,NA,NA,NA
eb3491e1-ec66-40b8-a458-5716b61bc1b1,No,Yes,NA,NA,NA
eb513401-90d7-4794-9f9e-645c74008c5f,No,Yes,NA,NA,NA
eb5aaa05-e530-4c40-9660-4543b3295693,Yes,Yes,NA,NA,NA
eb697469-535a-4c2f-ba2f-57d8c1326d86,No,Yes,NA,NA,NA
eb896458-0568-45d1-b89b-06256638bcb1,Yes,Yes,NA,NA,NA
ec407274-72bc-40a1-9478-672291a2018e,No,Yes,NA,NA,NA
ec707460-e9a7-4f3d-9b33-394860600d00,No,No,NA,NA,NA
ecd432f1-cd1d-4ecb-9e97-7971074b2210,Yes,Yes,NA,NA,NA
ee78dd18-a9da-44ea-b31d-c93ef3fe4001,Yes,Yes,NA,NA,NA
eeb5fa27-f3c3-4dfa-87ae-6e1f366b06e9,No,No,NA,NA,NA
eff97d9c-a1c5-48cb-a7bd-5f9ad0176b92,Yes,Yes,NA,NA,NA
f0ea9b7d-1968-4130-882a-408df5187a06,No,No,NA,NA,NA
f18855b5-0813-46e7-87ce-e18b9b5e461c,No,No,NA,NA,NA
f1985083-5525-4c9b-8213-52cb577b6852,NA,NA,NA,NA,NA
f1b6e8bf-ed08-4d33-b7f6-85f60237b7f1,Yes,Yes,NA,NA,NA
f1c6310a-44ce-4c28-9c1b-a9402aa03189,No,Yes,NA,NA,NA
f490c3eb-1034-47ec-aceb-fa7c1d75a107,Yes,Yes,NA,NA,NA
f505789c-22f0-4212-8b3e-a9578c45b111,NA,NA,NA,NA,NA
f52e9137-1fe3-49e2-8aea-d506da37cb3b,NA,NA,NA,NA,NA
f5a31400-2605-47b8-9a01-03943c9939d6,No,Yes,NA,NA,NA
f5d2c8be-43bd-4dd0-993e-c11f238f2807,Yes,Yes,NA,NA,NA
f6768a4c-54df-44b9-bc88-4fcde17f78ed,No,Yes,NA,NA,NA
f6e4e5db-fae8-49e8-bc26-91b06f5d5626,NA,NA,NA,NA,NA
f7d3d595-d028-4c1a-a0e1-4b91f4abdf15,Yes,Yes,NA,NA,NA
f82b7069-4ad1-42cc-a475-b3ce4aa09a62,Yes,Yes,NA,NA,NA
f8c94865-94ba-4708-96ef-3114c1231cd2,No,Yes,NA,NA,NA
f9491aa4-e0fb-47e3-8b2f-c650997d4351,Yes,Yes,NA,NA,NA
f9727eb6-15b0-4287-be25-39398cd3ae17,Yes,Yes,NA,NA,NA
f9e8c34e-837c-4d4b-9344-6a7abf86352b,Yes,Yes,NA,NA,NA
fa7b847b-fa9a-4ab7-8141-76680453530c,Yes,Yes,NA,NA,NA
faf74dd9-ed05-49de-b2df-821910b66729,No,Yes,NA,NA,NA
fb31e969-43ca-4fc5-a664-38008cfd22fc,Yes,Yes,NA,NA,NA
fdfc5426-fe4d-445d-be60-841eb8004eff,Yes,Yes,NA,NA,NA
fe954d7d-3e77-4bd9-b171-f8ba1b7da542,No,Yes,NA,NA,NA
033aae4e-d13c-4203-88d0-286a17ffd630,No,Yes,No,No,NA
0348a2aa-6bce-4132-8cc2-6793accdadcd,No,Yes,Yes,No,NA
037c19eb-da5a-4bfa-bbd8-8af8464d4483,Yes,Yes,NA,NA,NA
037d9858-113b-4e6d-9d46-ddae501e8d95,No,Yes,NA,NA,NA
042d3853-30a5-44f0-a4b4-4aaa2c38d060,Yes,Yes,Yes,No,NA
04d13d93-6783-47a8-8433-b7b044dd20fe,Yes,Yes,No,No,NA
04dbdb83-9b1c-41da-bd6f-35316b041a81,Yes,Yes,No,No,NA
064a1ea9-7328-44d4-a70d-f3824f362e09,Yes,Yes,Yes,No,NA
06bfd92c-8db2-4399-9159-a7e458187c7a,No,Yes,No,No,NA
071826a1-3fd8-4811-8bb5-f1ca8397094b,No,Yes,Yes,No,NA
07210a14-c2c5-4ef5-b9b1-61ebc45de07a,No,Yes,NA,NA,NA
07450400-e0ab-476a-84f1-2528407f0e73,Yes,Yes,No,No,NA
07b86f89-576d-4382-8c33-c77dc005991c,NA,NA,NA,NA,NA
0903d02a-52d0-4928-9890-23f9c2196958,Yes,Yes,No,No,NA
09aa5b77-4cec-4fbc-bb27-548f828c2cb9,Yes,Yes,Yes,No,NA
09b65793-e20d-4159-86c5-0b75d3d00d1f,Yes,Yes,NA,NA,NA
0a36afa7-5aa8-4040-8d7e-e86a00da3d7f,Yes,Yes,NA,NA,NA
0af7b56a-1049-409f-8ce5-5e5cc5aea3a3,Yes,Yes,NA,NA,NA
0b12134b-c7ce-4a7c-9326-3f7bac02a4d5,NA,NA,NA,NA,NA
0b70dee4-3b34-4ad9-aa50-efd2c1c37a64,NA,NA,NA,NA,NA
0c560c27-57e5-4c42-b693-5cafc4cab44e,No,Yes,NA,NA,NA
0c742061-32f5-4a26-a241-77f664bc20c8,No,Yes,NA,NA,NA
0cc1f707-45d2-4f8f-b38b-b1904744ba63,Yes,Yes,Yes,Yes,NA
0ce6c79d-8e79-4d3f-8f8c-527d1019c2f6,No,No,Yes,No,NA
0d0b2b72-9922-49a6-b6b0-37f21b0c69fb,Yes,Yes,No,No,NA
0d7e9bcc-de10-4fbf-b8a6-7d42fc53809b,NA,NA,NA,NA,NA
0e94ad6a-15a1-4755-8890-eb5e13af7295,NA,NA,NA,NA,NA
0eb8908d-82db-40d0-9b32-7093754a2f2c,No,Yes,Yes,No,NA
0ef804d9-1835-4060-9929-56010b98bfec,No,Yes,Yes,Yes,NA
1097f8e0-c396-4fcb-aa79-92669576f6d8,Yes,Yes,Yes,No,NA
10f076eb-ac52-4fa3-bd1b-c408c18dde47,No,Yes,Yes,Yes,NA
1168ba3e-9056-410a-857e-bfb8a9875c7b,Yes,No,No,No,NA
12c40337-d6ab-4525-98b1-f2945679c50f,Yes,No,No,No,NA
13b09858-2d7e-4002-b5a8-b7b496ed7b7c,NA,NA,NA,NA,NA
14848d11-3c34-42ab-876b-e2a30c7ac0fa,Yes,Yes,Yes,Yes,NA
14c73849-9881-48f1-91a3-307772bf688c,Yes,Yes,NA,NA,NA
15fcacb2-34c4-4eb7-baad-951e200dadde,Yes,No,Yes,Yes,NA
177bf5a8-e3eb-4bf6-babe-eeb621abeabb,No,Yes,Yes,No,NA
18397317-2fe0-4ea4-b54d-772596f513dd,NA,NA,NA,NA,NA
18954db9-e8ec-48cf-8278-562031fe3922,NA,NA,NA,NA,NA
18f27a3d-ada7-45b6-8fc3-8eb889b1d64f,Yes,Yes,NA,NA,NA
19a7574e-f87c-4f34-a99d-5112ace05971,No,Yes,No,No,NA
1a383ceb-b0b3-4671-bf6c-6249af690be7,No,Yes,NA,NA,NA
1b5ac793-403e-49fa-b37e-474bc2408300,No,Yes,No,No,NA
1b74eab2-8cc2-47ac-8183-120325840fe0,Yes,Yes,No,No,NA
1baf5248-cd35-4dc0-a708-dbe7c05e6fe0,NA,NA,NA,NA,NA
1bafce6f-0ce1-424e-8b07-06420cd4f04b,NA,Yes,NA,NA,NA
1bd1b948-a8ba-4faa-bb33-d5f411cf576a,No,Yes,Yes,Yes,NA
1c062e4c-31c1-49c3-bf23-b960e740456f,No,Yes,NA,NA,NA
1c40da13-cb5a-47a0-96f8-3c60c58e7886,Yes,Yes,No,No,NA
1c4a45b2-c68f-44e5-880c-e5fb69ddcca4,No,Yes,NA,NA,NA
1c7a9cf1-b2d1-4f4e-8f49-f92aba469e90,No,Yes,NA,NA,NA
1c9af99a-6ef5-429c-b05d-f56bb1eeebb8,NA,NA,NA,NA,NA
1c9b19fc-b0ae-4d63-a3dd-7e465f8ee437,Yes,No,NA,NA,NA
1d8f71bf-748a-497e-b66d-95ebf924ffa3,Yes,Yes,NA,NA,NA
1e928f38-97d7-4bf8-ac99-ae0e6341b95e,No,No,NA,NA,NA
1e998f04-7ea7-4363-b0a4-d29e6da84a3c,NA,NA,NA,NA,NA
1ebbac41-5514-45c1-bed3-f191055c9e8c,Yes,Yes,No,No,NA
207f14a9-a9c3-4ffd-b925-4a20445e9cdf,No,No,NA,NA,NA
2114292e-18a7-4bb8-8a11-6834333b4585,No,Yes,NA,NA,NA
211b0c08-611f-4d7a-a5f4-07cc0363db58,Yes,Yes,NA,NA,NA
211f4ce5-a0ca-4bff-a79f-d6de15651470,No,No,No,No,NA
217c42d9-096c-4c40-b772-a379fa9cac6d,No,No,No,No,NA
21b6797b-f3e3-4711-aefc-11fd0e9b7f44,No,Yes,NA,NA,NA
21d1444f-1e09-4d5e-834b-f53db0936149,No,Yes,Yes,Yes,NA
229152da-cbee-429b-9b61-40652f4195c8,NA,NA,NA,NA,NA
23bd60f7-ee49-47b7-b8c9-09f1d7fc921c,No,Yes,NA,NA,NA
247d365e-eda7-4a61-a0c5-58f615812807,No,Yes,No,No,NA
24b4d459-08ee-4e45-abe5-069627f176f0,Yes,Yes,NA,NA,NA
24bf0998-f7f4-4ef9-a235-1e034eff373b,Yes,No,NA,NA,NA
24cb570a-f784-4fbc-98b6-c43e147e6f5e,Yes,Yes,Yes,No,NA
26ffca6b-eaaa-4c12-97f1-30991c2a76a9,No,Yes,NA,NA,NA
2709b6c6-5e82-4ec4-9a3c-ee4ff4e6bfe9,Yes,Yes,Yes,Yes,NA
270d259e-dc3a-471c-a7e8-3e37ac8557ea,No,No,No,No,NA
291c1a62-192c-488c-a7a1-7545a928f8d2,No,Yes,Yes,No,NA
293369bd-be30-413d-a320-0f9dcc55b321,Yes,Yes,NA,NA,NA
29871e00-1098-45b9-adbe-8f67f7a9faa9,No,Yes,No,No,NA
2a94ab0d-b6ab-4b78-b913-a37e032bdba8,Yes,Yes,NA,NA,NA
2ad34603-0a95-47d5-adbd-d77e9e5e3b41,Yes,Yes,NA,NA,NA
2b5ea52e-0722-4f7c-a460-5c2c2fc1ac9d,NA,NA,NA,NA,NA
2bd595d1-1875-426c-8da6-6d24a8b4e14d,No,Yes,NA,NA,NA
2be7ce14-2848-4acc-918d-d95090fc5df5,No,Yes,NA,NA,NA
2ccd3b8a-08c0-4c67-aad7-0f4837239518,Yes,Yes,NA,NA,NA
2d204f83-addf-4452-acfc-9984cdc397a8,Yes,Yes,NA,NA,NA
2d57cfc5-54b7-4653-bff7-dbd0f78db419,No,Yes,NA,NA,NA
2d9ad768-a491-46ba-ac4f-ab4cbae0172e,No,Yes,Yes,Yes,NA
2e005587-8123-4617-a626-4657f0ec7b2d,No,Yes,NA,NA,NA
310e89c4-2a5b-4d1a-afb4-df8640dde834,Yes,Yes,NA,NA,NA
328bc516-ea67-48f2-aa76-f93c29d72948,Yes,Yes,No,No,NA
32a8f4d3-632a-4ba8-b803-5a99360cc6d2,Yes,Yes,NA,NA,NA
3342d3fd-794d-4d07-8648-88948dba3a5b,No,Yes,NA,NA,NA
33696cd9-9155-4d77-b16c-dec96653450f,Yes,Yes,No,No,NA
33c14a82-3aeb-4038-81a3-3e9f1dc5368f,NA,NA,NA,NA,NA
33c94f52-47c8-4623-999e-4fdf49d0b01b,No,No,Yes,No,NA
344af6e2-cf5c-45a7-bd03-8a2eeebc5639,NA,NA,NA,NA,NA
344b9cfa-808e-429c-8c0a-e0df020fc8e2,Yes,Yes,Yes,No,NA
3471f24c-cb16-4b83-af4b-18b9185c3c6e,No,No,NA,NA,NA
348de896-3032-41ae-ba1b-e94b4ef7d7d5,NA,NA,NA,NA,NA
34a51962-35d1-4b50-984b-32e5280a8c22,No,Yes,NA,NA,NA
35dd4434-767e-4dc4-ba30-3f3574114e59,Yes,No,Yes,Yes,NA
37963404-916f-47f4-b6ce-053854cb83ca,NA,NA,NA,NA,NA
37dd0fba-4380-4314-9d66-9969f53894ab,No,Yes,NA,NA,NA
38088322-e255-4df5-ba69-6711c0d63ff0,Yes,Yes,No,No,NA
3939643d-c5ac-47a5-aba8-160ced4eb5fe,No,Yes,Yes,Yes,NA
39e919ae-3994-4d80-aa16-bec4dc2266db,Yes,Yes,NA,NA,NA
3acb05f4-2ab1-4902-b05e-b80f63e0e323,Yes,Yes,NA,NA,NA
3b3fd6d0-b42e-48c5-9a09-98df5e0e32a1,No,Yes,NA,NA,NA
3b9cb1f7-161b-44aa-abfb-a9ff34fc6da0,No,No,NA,NA,NA
3bc0c36e-666d-495b-8451-b1757c6b819d,Yes,No,NA,NA,NA
3c845845-74bd-473d-8679-d2ac2aae5c80,No,Yes,NA,NA,NA
3d701374-88a6-459b-b7aa-f201d97d6e79,Yes,Yes,No,No,NA
3dc7409c-02f4-4312-84d4-b593fbb01c9c,Yes,Yes,NA,NA,NA
3dd2e2e4-1a06-427b-a4ec-538964cd22c5,NA,NA,NA,NA,NA
3df35a81-19d3-4f2c-8304-60bf7d336c98,No,Yes,Yes,Yes,NA
3f595352-7c12-44da-9dab-b0f8ebe4e7b5,Yes,Yes,Yes,Yes,NA
3f689f2f-3992-430f-b45a-96a6df399ea8,Yes,No,NA,NA,NA
40a1368e-becd-4519-9d68-e9e623899425,No,Yes,NA,NA,NA
412b23df-71d7-4aa2-a5da-608faa4b61a8,Yes,Yes,NA,NA,NA
414024a6-dc96-4974-a46d-15a9263e1c51,Yes,Yes,NA,NA,NA
414f5bc8-e8a5-4a8b-8673-3745fc6a9de5,Yes,Yes,NA,NA,NA
41a2da4d-1f6b-4b79-a5ed-f647db02b35d,Yes,Yes,NA,NA,NA
41a7ff27-8fea-46e4-a7ae-3a4bcf8a9633,No,Yes,NA,NA,NA
43db4132-ef25-4786-a725-703df4651e0b,No,No,NA,NA,NA
444f7926-078e-4954-90f7-65b6fbdb688b,No,Yes,NA,NA,NA
44796f09-74d7-4ef3-89dc-aeb191538c38,Yes,Yes,No,No,NA
44a0b08c-323f-4722-b4d0-cf52506557b6,Yes,Yes,No,No,NA
44cd8030-a2db-4ff4-9137-05559663acd2,NA,NA,NA,NA,NA
45987c0f-60bf-4acb-88d8-c54631745221,Yes,Yes,NA,NA,NA
459b849d-2f8b-4740-8c09-0d4fd38633ca,No,Yes,NA,NA,NA
45d57e4a-412e-4fc7-bbf7-80f8655bf87e,No,Yes,Yes,Yes,NA
460517b7-3653-4203-8a76-89ac184b162c,No,Yes,NA,NA,NA
469e98a2-03d9-46b4-8f2c-b2e813eceb76,No,Yes,No,No,NA
471d2cf5-8c75-4444-b39b-177c3ed3cc52,Yes,No,NA,NA,NA
47c71121-2250-40d0-bad3-b453c4a601c9,NA,NA,NA,NA,NA
47e39cfb-8fa3-4c33-80e5-ba49a809f828,No,Yes,NA,NA,NA
49b93898-141f-48dd-b8b4-673ba543e01d,Yes,Yes,No,No,NA
49c1dcd9-4f93-455f-8408-ada6fe98ec57,No,Yes,NA,NA,NA
4a2aff4f-3689-41b9-a239-4253441658dd,Yes,Yes,NA,NA,NA
4b380563-eeeb-437e-bf9b-5baa9eba0281,Yes,Yes,NA,NA,NA
4bd5d3bc-b68d-437e-9eca-7544ad92137c,Yes,Yes,Yes,Yes,NA
4c59fe8e-1fa0-40ba-b939-79c53424c3c0,NA,NA,NA,NA,NA
4cd28bb5-b8e1-4fec-b307-50491a2d50c3,No,Yes,Yes,No,NA
4d4915c2-872a-488b-a3f9-cad7463f6a5f,Yes,Yes,NA,NA,NA
4fcb0e48-1cad-4cd9-9dc2-610e177aeb08,NA,NA,NA,NA,NA
518cae89-9038-4e2f-b51b-93f6cffc1652,Yes,Yes,Yes,No,NA
51b898df-85d5-4a4d-bfa7-fa723ae8715e,No,Yes,Yes,No,NA
52b046e9-77ba-41ed-bd4e-b56932e10407,No,Yes,NA,NA,NA
531af58f-7a86-4371-9269-1d92eb0e2ed4,NA,NA,NA,NA,NA
53527156-028a-490c-b2bc-70f51b5d2c9e,No,Yes,NA,NA,NA
536194bf-84e9-4934-8c40-c145d7d06c95,Yes,Yes,NA,NA,NA
53906a7d-dee8-4a6c-8ba2-abd0711ac4dd,Yes,Yes,NA,NA,NA
54841e22-e5af-488c-b91a-36e65645235e,Yes,Yes,NA,NA,NA
54e69aca-3181-46b1-9403-400a56956f53,No,Yes,No,No,NA
558f04db-f983-44ad-aadc-47c564e2bb3e,No,Yes,NA,NA,NA
569a9126-9d78-4d3d-9b8c-29c9861ae5f8,Yes,Yes,NA,NA,NA
57907af6-1b1d-4d5b-837a-9df9aeab11e2,No,Yes,NA,NA,NA
58ad1795-05b1-46fd-b650-ebea7eb22f67,No,Yes,No,No,NA
5933dd02-d9e9-4ce0-9cff-7c00ecee5547,No,Yes,No,No,NA
593e6aa3-0a3c-441d-91b2-61d944da9b08,NA,NA,NA,NA,NA
5a221f25-c5ad-47ac-af6b-c42419e91ddb,NA,NA,NA,NA,NA
5a67fe46-072b-41a8-b85a-f2e5201ef8bf,No,Yes,No,No,NA
5ad592d0-264b-4d6c-beac-0c0ecfe3f37a,No,Yes,No,No,NA
5ade809b-f354-4682-8ef2-52d46ce6d09a,No,Yes,Yes,No,NA
5bbb928a-8089-4eee-a243-3270381e0ce0,No,Yes,NA,NA,NA
5c69fddb-8d2e-4508-9945-a806ca5417dd,Yes,No,No,No,NA
5f3b5eca-9ced-41a8-8b0a-9cf97058b073,Yes,Yes,NA,NA,NA
60ed4f4c-ee7d-4918-81e3-16b8fa6a01c7,No,Yes,No,No,NA
611401ac-ec64-4949-874e-5b9377fb8b09,No,Yes,No,No,NA
628f6e0a-4d68-41b4-8e58-544856f36d10,No,Yes,NA,NA,NA
62a97527-4925-4cd0-b6c8-f67206a58985,Yes,Yes,NA,NA,NA
62ab9744-d481-40ad-bda6-a6fd13d2bc5d,Yes,Yes,No,No,NA
62daca93-7003-4977-a81b-e49464e3e39e,Yes,Yes,NA,NA,NA
63d49d9e-d973-46f1-91d0-b1ca41848898,No,Yes,NA,NA,NA
6485143d-265d-4167-a84c-fc4c595c290d,Yes,Yes,NA,NA,NA
64a64af5-b60a-4c96-8e5d-beb50664e26d,Yes,Yes,NA,NA,NA
64d749d0-cfb5-49ed-b527-48e68d1d44b1,Yes,Yes,No,No,NA
66a608e6-3a4e-4ec9-8f98-496de6a97268,No,Yes,NA,NA,NA
68232b67-8986-4583-bd0c-51d1fc73b0ee,Yes,No,Yes,Yes,NA
683a9620-29a8-43fc-bbda-d5cb0b61c277,Yes,Yes,NA,NA,NA
68ed1f6b-d82e-471b-8502-ee3ee4bc97ee,No,Yes,Yes,Yes,NA
6915bd0f-6bf1-433f-8dc7-fd08c7cb25b4,No,Yes,NA,NA,NA
69302841-27c8-4e4c-a35c-860c303da6db,No,No,NA,NA,NA
69358537-332e-4e7c-9b34-93620d70f18a,No,Yes,No,No,NA
6964fcaf-a331-42c1-a18d-d6096887a0f2,No,Yes,No,No,NA
6a140c1e-55fc-4af1-b7fb-2e546f5c6523,Yes,Yes,No,No,NA
6ad4fa2d-3456-45b7-b50f-4e10b39a0812,No,Yes,No,No,NA
6bc27bed-8ee9-4616-bddf-562757726f9a,No,Yes,No,No,NA
6c33495f-1a05-4071-9402-cb2b8cc142ee,Yes,Yes,NA,NA,NA
6e0aafe2-ad6a-4e4d-a281-b14dac9c18c2,Yes,Yes,Yes,Yes,NA
6e6fd791-3b37-4cf7-8ed0-af2399366d26,Yes,No,NA,NA,NA
6f9e5fae-0117-48a5-8880-a7945de02008,No,No,No,No,NA
70b3a840-2fcb-48dd-983e-6d73d7563da7,No,Yes,Yes,Yes,NA
717c7e0e-87e5-4f36-8d70-0166038d969f,Yes,Yes,NA,NA,NA
71981c4f-0ef8-4c6d-b4b1-32aa4d4c90c6,No,Yes,NA,NA,NA
7245db31-b987-425d-a4bf-91fcbb7e6ed3,No,Yes,NA,NA,NA
72ba4f29-c3c3-4c46-813b-e80e0473bb69,Yes,Yes,NA,NA,NA
7492f2cc-0113-4e1d-b4cf-3d893a2f14bb,No,Yes,No,No,NA
74dcf5f6-62f8-42ae-ae1d-c906ce7085db,No,Yes,NA,NA,NA
751f2fc7-7364-40b5-b954-0309e032e916,Yes,Yes,Yes,Yes,NA
75a2163f-e9ab-42c0-a474-96759b2b9fbf,Yes,Yes,NA,NA,NA
75e5db71-1fc8-437e-a7bd-440c7d6fd12b,No,Yes,No,No,NA
76732764-ef00-48aa-9c5b-b7a1fc705c81,Yes,Yes,NA,NA,NA
76e0122b-f304-4c2c-81af-6524ed70a96e,Yes,Yes,No,No,NA
782960f7-5d10-4d9c-b55d-e411e532d16e,No,Yes,NA,NA,NA
784467c4-690d-45a5-858e-3f4abc855fc2,NA,NA,NA,NA,NA
789662e5-fa7c-4632-87a4-6b618903d46e,No,Yes,No,No,NA
792fb2ba-d411-415d-8ca1-773c22cbbb47,No,Yes,NA,NA,NA
79428583-6132-45cc-aca2-c67ed458580b,No,Yes,Yes,Yes,NA
79c1f687-6d8b-4a3d-a7ae-20397e4d7f61,No,No,NA,NA,NA
7a074aaa-3e0e-4b62-8a24-15042fbc6f62,No,Yes,No,No,NA
7a1dc1e1-e482-4208-b4bf-6654fe57a7dd,No,Yes,No,No,NA
7a29f27c-d540-4ec4-9d2b-d73087f96f4f,No,No,NA,NA,NA
7a35ff8a-7201-49ba-b0c3-a9ab2f70ad32,Yes,Yes,No,No,NA
7a4ac986-b149-40a9-a75a-7c10ddd908b3,Yes,Yes,NA,NA,NA
7a811a40-8376-4442-becb-f36227b0eaa7,No,Yes,NA,NA,NA
7ae1bda5-a511-4071-987b-bc244da76f19,NA,NA,NA,NA,NA
7bd1a812-c538-46a3-b015-309bea02fc80,No,Yes,NA,NA,NA
7c7c12a8-a0b5-46f9-9e0c-d74f4630a404,No,Yes,No,No,NA
7cd8da56-eca5-4638-8121-695848dcfbe0,NA,NA,NA,NA,NA
7e86cb60-901c-4efc-ac33-4026b5544134,No,Yes,Yes,No,NA
7f60d361-28e9-4fe7-92c2-cff609d02f77,Yes,Yes,Yes,No,NA
7f9a037b-167d-428d-90a6-f705d7b3742d,Yes,Yes,NA,NA,NA
7fdcc3e1-eeb4-47b1-b2c8-d2c79673583c,Yes,Yes,No,No,NA
7ffb9cfd-147c-4f8a-9311-040b6a0defa1,No,No,NA,NA,NA
8010f5da-8387-41ba-a07d-67e69267a4ca,Yes,Yes,No,No,NA
8036f6d6-7672-4f8f-a361-7f3c4e2f4362,Yes,Yes,NA,NA,NA
80a82380-2ee9-495b-8749-75b6ff0a93c3,Yes,Yes,NA,NA,NA
811cf040-400c-4e9e-b296-c79e29db447e,Yes,Yes,NA,NA,NA
8258a07f-485c-45ec-9963-f8d47f84ca61,No,Yes,NA,NA,NA
826a282d-8bc3-4e3b-a4d0-424f002d2a4b,Yes,Yes,NA,NA,NA
82c69060-8d32-42c5-9065-4f7990269ae4,No,Yes,NA,NA,NA
8377b1b5-3827-457e-af11-b3d0b2492256,Yes,Yes,NA,NA,NA
85b37bfd-48af-4fd6-ba31-86955e20c3ee,No,Yes,NA,NA,NA
865481a7-43ec-4c93-8f8f-93b9e7b5cd63,No,Yes,NA,NA,NA
87b5f1d4-de8b-430a-bd68-1a0739d587a4,Yes,Yes,Yes,Yes,NA
87fdf5fb-7ca2-49b7-aae0-fe8515f2ea1e,No,Yes,NA,NA,NA
8862a5c8-4a9a-4c88-aa78-02f8ec2089d1,Yes,Yes,No,No,NA
89eef3fc-3f09-4fd7-94f8-9e063c7f111c,NA,NA,NA,NA,NA
8bfaf079-3fe3-4aa3-9556-a700eedbfff3,Yes,No,NA,NA,NA
8c2373b6-c315-4f60-9c85-ecfe317d12bc,No,Yes,Yes,No,NA
8c4112a0-2371-4045-b324-fb9c99f909e0,No,No,NA,NA,NA
8d0ea065-e630-4546-9e47-2f000073dc13,No,Yes,NA,NA,NA
8e1af05a-008e-43be-ae1a-3d701e4d6d5d,Yes,Yes,Yes,Yes,NA
8e66834a-f286-46f1-9e97-fbbe133c38da,No,Yes,No,No,NA
8e68355f-7cb1-44bc-b56e-6e039c829092,NA,NA,NA,NA,NA
8eb32e01-05e3-4cf6-ad1e-3104b6448f8b,No,Yes,Yes,No,NA
90118794-48e4-4b55-af7b-82dc6ae5d121,NA,NA,NA,NA,NA
9289c1c8-32cb-479f-ad6f-6bd71fed16b5,No,Yes,Yes,Yes,NA
94eede27-00dc-489a-857a-92ff066aaecc,No,Yes,No,No,NA
952a6a73-a964-45b8-a43e-a184717f97ed,Yes,Yes,NA,NA,NA
960a0ca4-5ac3-4eb4-8117-954a3a3b1f9c,No,Yes,Yes,Yes,NA
964f2ce3-7b8a-49bd-b19f-cc7ca913d503,Yes,Yes,NA,NA,NA
967f81da-51f8-421c-9e78-d1614447bc99,Yes,Yes,Yes,Yes,NA
96874dc9-0eda-4896-8d07-40f430d61a59,No,Yes,NA,NA,NA
96b60e26-6c80-42e2-8956-5962960b2a64,No,Yes,NA,NA,NA
96ce2a46-6286-4006-b79b-1cee2f468f30,Yes,Yes,NA,NA,NA
975dec3e-fa5c-4619-96c7-c4c2eb850d7f,No,Yes,No,No,NA
984a5f3e-7e99-42e5-a8da-06685ae58f9c,NA,NA,NA,NA,NA
98908882-698e-4980-b546-8aa8f554e746,Yes,Yes,NA,NA,NA
9984a554-9edf-4c1a-bfc5-6afb3429a53e,Yes,Yes,NA,NA,NA
9a5c6131-633c-4579-9b8c-9bbffacb5973,No,Yes,NA,NA,NA
9a5fb8aa-5988-4016-8f0a-8d3fe907bc1a,Yes,Yes,NA,NA,NA
9a702711-62e9-434c-836c-6f90b71a9df2,No,Yes,Yes,Yes,NA
9b0201e4-f018-4f43-b98d-a20ff51f6fac,NA,NA,NA,NA,NA
9b87b97c-37ef-4a70-ad18-9aeaa2ad84d5,Yes,Yes,Yes,Yes,NA
9c4dd54c-a30a-476d-be99-6609f099b2e8,Yes,Yes,No,No,NA
9da3a6a4-6cc4-47be-a795-b02b5df8b0e0,Yes,Yes,No,No,NA
9e3b01fb-de36-4136-a7fd-a2758b44d84b,Yes,Yes,No,No,NA
9f95f902-1d9e-417a-8060-924d8099dc70,Yes,Yes,Yes,Yes,NA
a0b4b96f-5102-4141-97aa-92cc745bf5ab,Yes,Yes,No,No,NA
a13467f0-9910-4c14-b4f9-87c57fb0a03b,Yes,Yes,No,No,NA
a24c0e99-8782-4fd6-8c30-23228735ded7,No,Yes,No,No,NA
a2c56e83-a8ed-4458-88a1-aa675a64e285,Yes,Yes,No,No,NA
a3f97ac9-1577-4a9d-9235-f4127d012f17,Yes,Yes,NA,NA,NA
a4ae81f1-740e-4a1a-8f61-90d3ac93719f,No,Yes,No,No,NA
a4e3ffd2-8630-4550-b2f5-a837575823c8,No,Yes,NA,NA,NA
a57f4640-a73c-470f-924c-84c827380763,No,Yes,No,No,NA
a5f2bc97-b8e6-434a-b845-6f404ab00c9a,NA,Yes,NA,NA,NA
a62d41f3-010a-437b-96fa-fb666d2e64ba,Yes,Yes,Yes,Yes,NA
a730ebf1-eb0e-46ec-b902-c2880c6e6d3b,No,Yes,NA,NA,NA
a7710896-f28c-4f5c-a386-ce77a7d2e12d,Yes,Yes,Yes,Yes,NA
a804643e-01f7-4a43-b4ec-17299ea57e76,No,NA,NA,NA,NA
a94b6de9-50e0-4932-adc7-cb7e87f7e21a,No,Yes,No,No,NA
a9c72270-b807-4bd4-8755-327825fea72f,Yes,Yes,NA,NA,NA
a9ee913a-23a9-454a-902b-7257c0e2144a,Yes,Yes,Yes,Yes,NA
aa0e33f4-0380-4892-b315-2615003b6a3a,No,Yes,NA,NA,NA
aa8505c6-2e19-4b96-aa5a-e71948806876,No,Yes,No,No,NA
ab418f32-5005-4030-ac87-f8bb85bebcf6,No,Yes,No,No,NA
ab92a2d7-b95e-48bc-9245-1b65a32d3c4d,Yes,Yes,NA,NA,NA
ac550185-c31a-45af-bea8-1306ed7051a1,No,No,NA,NA,NA
acbc0ed5-02ec-48c5-aa0d-2400a7b1bf47,No,Yes,NA,NA,NA
ace21174-9d0f-46fe-97b6-0fef91a6e464,No,Yes,NA,NA,NA
ad48cba2-cbd0-488a-a24f-2b5d021a52e1,Yes,No,Yes,No,NA
adf04a67-b758-4bbb-a3e2-7395a75d3689,Yes,Yes,No,No,NA
ae02e2e6-ec73-4df6-9dbf-0d4c9787302a,NA,Yes,NA,NA,NA
aeb6ff6b-f1c0-49e9-8638-fb030079134e,No,Yes,No,No,NA
af849195-c771-4cc5-bb62-d10cc90eb98c,No,Yes,Yes,Yes,NA
aff1b2cb-4c4a-4e08-b3bd-86ea7beb449b,Yes,Yes,NA,NA,NA
b04acdd2-1791-481c-858d-b63e4ebb69d7,No,Yes,Yes,Yes,NA
b0849c69-fb33-4fdf-a61a-7138315a12ed,No,Yes,Yes,No,NA
b134cb2e-dfa2-4e84-aabf-087b08c080b8,No,Yes,NA,NA,NA
b1c8355d-c58a-4d48-9233-86a12c4d004f,Yes,Yes,No,No,NA
b2a1fe34-865f-4743-b2c6-c8385398bf11,No,Yes,No,No,NA
b2c7024c-14fb-4ab5-9c07-f4f9daed4f82,No,Yes,NA,NA,NA
b3445594-2a5c-48b5-af02-95fe8f8993d2,No,Yes,NA,NA,NA
b34ba7fd-12c2-4c83-89f9-d30dc4854e71,Yes,Yes,Yes,Yes,NA
b3858920-d0da-4991-b407-dfded493649a,No,Yes,NA,NA,NA
b47716da-2156-46c3-8ce9-114e4f4c765e,No,Yes,Yes,No,NA
b5ec7a0a-785b-41d5-8676-8126c3aa698a,No,Yes,Yes,Yes,NA
b600dc75-68d9-42e5-9ddb-970196cbd30b,No,No,Yes,No,NA
b631544d-51ee-4f8b-a32e-f8a2ba54c435,No,Yes,Yes,No,NA
b6712094-56c5-41fd-bc1d-3754623712d8,Yes,Yes,NA,NA,NA
b70931ae-7356-4084-b226-4a8ea98a467a,No,Yes,NA,NA,NA
b71b05b6-26c9-4a02-bc07-9eb1c73b8506,Yes,Yes,No,No,NA
b7627424-dba0-4c54-bd73-4c16b11e84a3,No,Yes,NA,NA,NA
b82b28ea-0480-49db-9ded-eeb1621a4555,No,Yes,Yes,No,NA
b9a979e6-3b59-435e-9daf-fa9ad9e3f043,Yes,Yes,No,No,NA
b9ccd995-ada0-4502-b627-bcccb85377ce,No,No,No,No,NA
b9e333c3-c504-4950-8a39-2d5a6afc5551,Yes,Yes,NA,NA,NA
ba2bb637-7717-4db2-a00c-7be9e293bd27,Yes,Yes,Yes,Yes,NA
bbca152f-4e92-4411-8a2c-d8556442bdf6,No,Yes,NA,NA,NA
bbfd50db-26e6-44fe-9228-f9aeda135f80,Yes,Yes,NA,NA,NA
bc4daaba-6298-486c-9f2b-0c07de68eec2,No,Yes,NA,NA,NA
bd0371c4-2a0d-4d7f-98dc-b99a63ad67c3,NA,NA,NA,NA,NA
be74721d-e41b-4870-9b92-daef7b12b485,Yes,Yes,No,No,NA
bf729c92-03a4-4918-93b0-a7854f0a6e6d,Yes,Yes,No,No,NA
bf7c7f62-8518-4782-90e6-593822bf8c03,Yes,Yes,NA,NA,NA
bf7ca497-9c0c-43e8-a63e-e1e00952aa4f,Yes,Yes,No,No,NA
c1c506b8-c780-4ed8-9701-ab81f5f87047,No,Yes,No,No,NA
c2ec2118-9ba7-4a07-9448-a6db2b7c9308,No,No,No,No,NA
c3eb78fe-13eb-4321-91a0-fe07a0ab6a74,No,No,No,No,NA
c523f819-08aa-4ed0-8446-4e556dff2017,No,Yes,No,No,NA
c5d89824-75f4-4857-8d40-f77f2663c3dd,No,Yes,NA,NA,NA
c6261ae0-c233-4cbc-9484-964cab91b2c9,Yes,Yes,No,No,NA
c6b051d0-2a90-4dae-9ef0-87631be416ff,Yes,Yes,NA,NA,NA
c78ce715-e504-482f-b09b-23b5db749e27,No,Yes,NA,NA,NA
c817e618-6dac-46be-88db-89e91123a645,Yes,Yes,No,No,NA
c84a2ddf-ba9d-4fb6-ac2d-97d4aa64dd08,Yes,No,NA,NA,NA
c8dfc5fd-a208-4a17-9624-209297ec1568,No,NA,No,No,NA
c9ff8085-1a82-4930-9741-3a9d6386f6ca,Yes,Yes,Yes,No,NA
ca37c612-e147-44ff-83eb-2172bd7a5401,Yes,Yes,NA,NA,NA
ca6ed935-e297-46d3-ab8a-be7368720ab5,Yes,Yes,No,No,NA
cb9ff20b-9a06-406d-8611-e09b7b386481,Yes,Yes,NA,NA,NA
ccb06591-f3cd-4c25-891b-eceb859e6c9e,Yes,Yes,NA,NA,NA
cd109824-706d-4f8d-88f8-902e13671026,NA,NA,NA,NA,NA
cd379e4b-6759-4f34-a432-522a66d4642a,No,No,Yes,No,NA
cdcaed61-2021-4338-90e9-3cc6617ed783,No,No,Yes,No,NA
cdf308bc-2ca1-4ff3-bc6d-55ef73610704,No,Yes,No,No,NA
ce6dc65a-cef6-4302-8174-417483907a33,No,Yes,Yes,No,NA
ce7524aa-3b52-4036-bdc4-a820e8c01f80,No,Yes,Yes,No,NA
cf164bc7-8bf6-4229-abb3-a6fc4e615f5b,Yes,Yes,Yes,No,NA
cfdbea60-4065-4486-af14-852329773e6a,Yes,Yes,NA,NA,NA
d06f5d16-acf1-4e59-ae16-b88afa4c6012,Yes,No,Yes,No,NA
d0a79b29-872e-4c92-9350-3071e37be7ba,No,No,No,No,NA
d1ae9559-f705-4607-9764-59da0161f17b,NA,NA,NA,NA,NA
d2beb722-92f2-4cba-99ed-aabe87c98145,No,Yes,No,No,NA
d314522b-b996-4f70-8415-86d38444964d,No,Yes,Yes,Yes,NA
d32cdf40-981e-4657-a3c0-3745751489ef,Yes,Yes,NA,NA,NA
d404c52a-3aca-45b9-847f-bc3c49f8f256,Yes,Yes,No,No,NA
d4b74cc7-262b-4c3f-bcb1-8f94801dd9bc,Yes,Yes,Yes,No,NA
d515039e-f31f-4589-9e4d-370e766591b2,NA,NA,NA,NA,NA
d6ddd4a3-81c3-40b0-9e5e-8f1fe8da4861,Yes,Yes,No,No,NA
d868d062-cf3d-4864-977a-d4b80c580c22,Yes,Yes,NA,NA,NA
d909e0f9-119b-40ec-914e-cd37e3873509,No,Yes,Yes,Yes,NA
d9e812af-ea01-43d5-9b6f-490ca3d10272,Yes,Yes,NA,NA,NA
da8b6a9d-2f29-48d4-b9d8-bb6435747fbf,Yes,Yes,Yes,Yes,NA
dad02453-8d73-4fca-b958-06ef719de14e,No,Yes,No,No,NA
dc505c6e-0a81-4dcc-bf11-ba2ab7359746,NA,NA,NA,NA,NA
dc524528-fed2-4c56-a445-f6eae40b0585,Yes,Yes,NA,NA,NA
dccc22ad-7727-4469-b274-3a766c36d2c7,No,Yes,NA,NA,NA
dce56731-d508-424c-b4a1-21f735a9b4d8,No,Yes,NA,NA,NA
dcf30744-60a2-4aaa-a914-b210d1399669,Yes,Yes,NA,NA,NA
dcf8b8d9-2889-406c-b5b6-29630fa560dd,Yes,Yes,NA,NA,NA
de75a10c-3158-4d90-a477-1be276eab6fa,Yes,Yes,Yes,Yes,NA
dec0a8ff-3881-4582-823b-6822f38cee59,No,Yes,NA,NA,NA
df9a598a-f16d-4c9e-bd11-72e4753fd032,No,No,NA,NA,NA
e0268b4d-6db2-45ce-a4b7-aaea7379637f,No,Yes,NA,NA,NA
e0617552-f23f-4864-8fb0-edbf1a7fda06,Yes,Yes,NA,NA,NA
e0999935-ae45-42c9-99d9-c446323eadbb,Yes,Yes,NA,NA,NA
e1967fbd-dea0-4e78-8f90-4ddc085e8834,Yes,Yes,No,No,NA
e1bc35ee-7c3d-4b54-82f3-51a5b5f768ba,Yes,Yes,No,No,NA
e1e43c60-5c68-4502-9f91-d4f10000fbab,No,Yes,No,No,NA
e238f974-7001-440a-90f1-d1b52ae9e70b,Yes,No,NA,NA,NA
e256c99e-1df5-4582-ac50-e1dd79d6a75d,Yes,Yes,No,No,NA
e314ce29-8d0b-4170-8c5b-0800b03fb716,Yes,Yes,Yes,Yes,NA
e3ea8ec5-f5d6-4a63-bfb7-b134c17ec3ce,Yes,Yes,NA,NA,NA
e6e07785-89dd-4b33-9e13-1f238c3b99e5,Yes,Yes,NA,NA,NA
e71bfdd8-500b-462f-bdc7-5787d3246a4e,No,No,NA,NA,NA
e76cb3ac-0f52-4707-92ce-92c5f399fc2e,No,Yes,No,No,NA
e7ba9020-99cd-4d7a-8814-d9f0f16a0ea9,Yes,Yes,NA,NA,NA
e82597b1-cdf6-41ad-95b8-caddaad416cc,Yes,Yes,Yes,Yes,NA
e84d7543-ca0d-47b2-a1fb-1dccb24e3459,No,Yes,NA,NA,NA
e8d5e08b-9e8e-4829-b82c-bc7c2d9d23b6,No,Yes,No,No,NA
e92403fd-9a48-4bae-9c14-f83ac5dee717,Yes,Yes,NA,NA,NA
ea2bfbe1-f1a3-43d4-ae7c-8b550057d19b,Yes,No,No,No,NA
ea7f8636-c615-48e7-98ec-ae07d35cb8f7,Yes,Yes,NA,NA,NA
eb0f8846-2311-48fc-b946-0242c19ca37d,Yes,Yes,NA,NA,NA
eba2ad44-d8f9-43dc-8795-baf4f5a1b144,No,Yes,NA,NA,NA
ebf9c7ab-15f2-4db3-9a42-4b1b43d77a96,No,Yes,NA,NA,NA
ec127c12-df99-44b9-bb31-6df7a312c644,NA,NA,NA,NA,NA
eccf9557-c0de-419b-873b-5cac8d3d0e06,No,Yes,NA,NA,NA
edee7a48-b484-4229-9088-5abbc3bbfb31,No,Yes,No,No,NA
ee8d4ae6-53f2-4979-90f7-a990e839849c,Yes,Yes,NA,NA,NA
ee9f7b13-fa34-4c9e-b3a9-9919486f7af0,No,Yes,Yes,No,NA
eec13fd6-8c2f-44e9-beb4-bf5fadf7b15a,No,Yes,No,No,NA
eed53c04-3bfd-45b5-9679-a52405bfbe43,Yes,Yes,No,No,NA
ef30389d-5637-4e27-b3b2-e061bb7f812b,NA,NA,NA,NA,NA
ef96ccd9-0441-47f5-9759-785407409100,NA,NA,NA,NA,NA
f13b7c30-eb8c-4c57-9669-8e1d0bd2a8bb,No,Yes,Yes,Yes,NA
f2773e6e-c61f-4b5c-90a1-9fb299fa38b1,NA,NA,NA,NA,NA
f2e48135-a799-4ba7-a582-3a77673cdf4b,No,Yes,No,No,NA
f4e78175-4e8f-444c-8a74-beade2644feb,Yes,Yes,Yes,Yes,NA
f52f3918-1c66-4ed4-a8dc-ba6e4b73eb66,No,Yes,NA,NA,NA
f63c0afe-7afc-4b06-a914-8977710b1414,No,Yes,NA,NA,NA
f728ba0d-6c70-44b6-b7cf-19e71af5813f,Yes,Yes,NA,NA,NA
f816e9ca-111b-4dfa-8efa-f5c0a8aae09e,No,Yes,NA,NA,NA
f91228ec-633b-4bb5-ba0e-a09237f0f3e1,No,Yes,NA,NA,NA
f958dd1d-8cdb-4a4b-aae9-bce75b22b5f3,NA,NA,NA,NA,NA
f96aebcb-ec94-4ee5-a243-b95f3f82fcb2,No,Yes,Yes,No,NA
f9a5a81b-e450-4fff-8fd1-137ea56c4d33,Yes,Yes,Yes,Yes,NA
f9aa6a03-bbcb-4ecb-ade2-2592c2fe8413,No,Yes,Yes,No,NA
fa26104d-3b2f-46f7-8752-481f0fc71700,Yes,Yes,Yes,No,NA
fc1fe28b-6256-4a09-b240-0cf57c04d3ca,Yes,Yes,No,No,NA
fc3d572d-c1c9-4775-87b3-67766b1e3d74,No,Yes,No,No,NA
fc623faf-835c-4076-af6b-3b1599537be4,No,Yes,Yes,Yes,NA
fcbe343d-bed5-4ff2-ac3f-5f6df8d2984f,No,Yes,NA,NA,NA
fd27a4da-0985-4cb9-94d5-7ea0dee84115,No,Yes,NA,NA,NA
fd78b9e3-e26a-4aa0-a906-4cca512f09e6,No,Yes,NA,NA,NA
fdb63447-a89f-4de9-8561-ee700a422171,Yes,Yes,No,No,NA
fe8ce91b-c1bd-42a9-9342-13ae2e7a12d0,NA,NA,NA,NA,NA
fe8fa71e-1ce4-4bad-9206-9318861572c4,Yes,Yes,NA,NA,NA
febe05ac-0e70-4ff9-aceb-da28d3dd28b8,No,Yes,No,No,NA
ff79efeb-b148-4c60-9fa2-2f8c0c70c8ef,Yes,No,NA,NA,NA
ffd148da-8e9a-4123-8c63-ae4701d390fa,Yes,Yes,No,No,NA
ffd682ad-4725-4397-9b74-c0e6e38bbade,No,Yes,Yes,Yes,NA
00f66786-7a00-4bf0-b834-9cdc130b2fa2,Yes,Yes,No,No,No
023ab0c7-5659-47eb-a7d3-3de0b71bbec6,No,Yes,Yes,No,Yes
026e6530-81f9-4d56-a636-71a26f0048eb,No,Yes,Yes,No,Yes
03c11cfb-8cfa-4b5f-8e82-7e06eaa1a778,No,Yes,No,No,No
040154c7-5bae-43fb-903c-cf41a7aafc58,Yes,Yes,No,No,No
04426d3f-9007-4825-b25b-c9cfd004afea,Yes,Yes,No,No,No
0814412d-4196-410f-8670-39686f381a20,No,Yes,No,No,Yes
089fc20d-9c51-4a2c-9ba8-0103ba414bce,No,Yes,No,No,No
08b08874-ac82-4114-ba18-ed52845b2676,NA,NA,NA,NA,NA
08e614d8-c38a-46f7-aa8f-a80a83888740,No,Yes,Yes,No,Yes
0aebe625-a204-4fde-9dd6-de0180492fe8,Yes,Yes,No,No,No
0b321a42-90c9-41de-a60a-787805acb548,No,Yes,No,No,No
0cd134dd-b2fb-4502-9bf9-b7c7c1494f4e,Yes,No,No,No,Yes
0d460992-6c67-4b15-960a-5b41332db49c,No,No,No,No,Yes
0d5e66d1-ba5c-47fb-b013-f9250c2053eb,Yes,Yes,No,No,No
0e0fb094-2106-4c38-aa62-9ad07ba08517,No,Yes,Yes,No,Yes
0f272f8c-484c-4da2-acfa-4ef9e9254ebc,NA,NA,NA,NA,NA
101d5a8f-663e-46b9-a438-b92b510b512f,No,Yes,Yes,Yes,Yes
113bec26-9c79-4b59-9ffb-fc5808f2e3c4,Yes,Yes,No,No,Yes
122b6300-98dc-488d-9458-52d29ef72203,NA,NA,NA,NA,NA
12e1e68c-7c28-433d-987f-8cd0953cb38d,No,No,No,No,No
13ba7a99-11df-4c08-a8ce-7ba416bd986b,Yes,Yes,No,No,No
13c70a2c-76dd-4ba8-b911-e51b66f53ce2,NA,NA,NA,NA,NA
1465cfcc-2326-4c65-a2bc-6acc00dbf8de,No,Yes,No,No,Yes
14a7c459-92bd-4b89-91ec-8447d9246c6a,Yes,Yes,No,No,Yes
15edd7b9-b726-462f-94f2-39ef2d34596e,Yes,No,No,No,Yes
1685bcec-4312-411d-aa2d-c56fba18b540,Yes,Yes,No,No,Yes
1aaaf88b-e2a5-4f5f-a8f9-074610e25b01,Yes,Yes,Yes,No,Yes
1abdd127-c334-4745-8ba9-80e348400c50,No,Yes,Yes,Yes,Yes
1c6f4339-c4ca-4186-9f4d-d44695e520dc,Yes,Yes,Yes,No,Yes
1cb70d04-cf08-4fa4-9463-1dd34d45b2c2,No,Yes,Yes,No,Yes
1f85630f-0d62-4ea6-9393-50d88ef6fadb,Yes,Yes,No,No,Yes
1faccb01-8af3-4784-a150-c14ed7a9d7dc,Yes,Yes,Yes,No,Yes
1fb166e1-b995-4e99-bd06-c5bf5577323c,No,Yes,No,No,Yes
22620536-915d-4eca-8449-143b27c35ef1,No,Yes,No,No,Yes
233fb2cf-d9bd-462a-89e0-04fd26fc8fc2,No,Yes,No,No,No
243e10a1-f25d-4a73-a69c-c4b8e2f02f36,Yes,No,Yes,No,No
244d4223-5715-4fbc-85b9-c166efc511e9,No,Yes,No,No,Yes
25177cfb-ecda-412a-9c69-59cbb5fe431c,No,Yes,No,No,No
27de62cc-c455-4830-bc9c-76ef182e2339,NA,NA,NA,NA,NA
2aa118a2-a45c-4469-91b8-833696b6be74,No,NA,Yes,Yes,No
2b529064-cb4e-44b2-a4c6-f9d63a7167cd,Yes,Yes,Yes,Yes,Yes
2c5f1644-b5c9-428a-aea0-1091e962223a,No,No,No,No,No
2cab0151-5162-4231-9a58-0e28e80ef434,No,Yes,No,No,Yes
2cb29cbd-3bdb-4de1-b7db-ede8632870fa,No,Yes,No,No,No
2d9f508c-19dd-4dfc-8230-0ebcd7919079,No,Yes,Yes,No,No
2da91193-de79-4485-821e-037c732613f7,Yes,Yes,Yes,Yes,Yes
2e9ef9f1-cdd1-4100-a3fa-0fdf817928ee,NA,NA,NA,NA,NA
30e896f2-d8ca-4e9b-984b-54fe0ae40b66,Yes,Yes,Yes,No,No
31185c7d-3104-4438-b4fc-d911a7761cdb,Yes,Yes,No,No,Yes
31537963-0c20-4dee-aa8c-1ce69735c99d,No,Yes,Yes,Yes,No
31f8d0f1-76db-472d-8b83-ed1c4720fc11,No,Yes,No,No,Yes
324c4bee-4187-4411-9a22-477f12acfadb,No,Yes,No,No,Yes
332e809c-f54a-4842-bb2e-145b2f65830b,No,Yes,No,No,No
34b86fef-434c-4412-b571-02c2b58f72d3,Yes,Yes,No,No,Yes
355293ba-0544-402e-9187-595ee6693212,No,Yes,NA,NA,NA
362a5697-a561-4dbd-8af0-734a115d2db1,Yes,Yes,No,No,Yes
36884025-02a0-4da0-970f-4fb5e118e24c,Yes,Yes,No,No,Yes
36ec2d2a-562e-483b-85b7-5d36d17b3cd6,No,Yes,No,No,Yes
387cbf01-9474-41ff-b147-f9621d1f372c,Yes,Yes,NA,NA,NA
3ab87449-fed8-4fae-8402-c14890e463ea,NA,NA,NA,NA,NA
3bab879e-239a-4a6e-be07-590f3ffdedeb,No,No,No,No,Yes
3c970dff-5b15-4a2e-b5a3-5af7829a5205,No,Yes,No,No,Yes
3ddc4102-574e-4cea-a71a-bb6db7ab7145,Yes,Yes,Yes,Yes,Yes
3ecbd887-df22-4e90-b193-3c02b81269c6,No,Yes,No,No,Yes
3f651a8a-0663-425e-b4c3-fc347c72bd62,Yes,Yes,Yes,No,Yes
3f8288d1-7800-491c-9c29-1f1ea4c932de,No,Yes,No,No,Yes
3fba7f5c-ea06-46b3-bcf7-7905a04f2f34,Yes,Yes,No,No,Yes
41306bba-828b-48f3-8bbb-c1fdd4a8a24d,Yes,Yes,Yes,Yes,Yes
41421047-8ab1-4868-b84c-45c77e9c0287,No,Yes,No,No,No
4311c303-83d1-4e82-b0aa-6f2fb693543f,No,Yes,Yes,Yes,Yes
438e7105-15d7-44c5-af94-9bca6eedaf5b,Yes,Yes,No,No,Yes
43e78cd4-aa71-4b99-87ec-19930a8f5cb3,NA,NA,NA,NA,NA
44bb0c22-2e1a-4c61-800e-d14941374a52,Yes,Yes,No,No,Yes
44e4d3f1-66b4-47e6-8f23-9c57d169f1fb,Yes,No,No,No,No
4503c90d-3a34-42e2-bdab-d278953b02b8,No,Yes,No,No,Yes
473319a6-0d84-4d59-96fc-8b277b00a000,Yes,Yes,No,No,No
4756e693-8784-48c1-a55f-a0bc828c0aa8,No,Yes,No,No,Yes
49de4bc6-75c1-4baf-a896-0714fae3d580,No,Yes,No,No,No
4a378815-cd87-47eb-ae27-0769dd63dc05,No,Yes,No,No,No
4ce8cb6f-4f15-4bb3-bd60-f81c29e90905,No,Yes,No,No,Yes
4e53e1df-8c69-4f8e-baaf-e30c5acc2fee,Yes,Yes,Yes,No,No
51c374d0-b662-41b6-a33a-27a50dab93cf,Yes,Yes,No,No,No
51e6ad0b-f4b1-4e46-8523-b16f63275429,Yes,Yes,No,No,No
529920a0-4a95-407a-bf3e-a5617303a63f,Yes,Yes,No,No,No
5379334a-863c-45e4-b2ef-c47ad226acc6,No,Yes,No,No,No
539d1419-bd7a-4ba1-905a-5c8fb9b10d13,No,Yes,No,No,No
54b49eb0-bdcb-45f5-b19e-c3f7842de784,NA,NA,NA,NA,NA
550bde1e-da06-4f28-b955-dddbc2ab5a91,No,Yes,No,No,Yes
5539ec75-e07d-432a-b566-6ba4a5acf579,Yes,Yes,Yes,No,Yes
55e82128-9b0d-4363-a151-83dabfcc249c,No,Yes,Yes,Yes,NA
55f9a9aa-7cc3-4adb-86d0-75afe4274c05,Yes,Yes,No,No,Yes
56696045-0570-436a-8f21-6f1e2d80c8b4,NA,NA,NA,NA,NA
576b2d0b-845a-480f-8d39-a186e3dbeebc,Yes,Yes,No,No,Yes
576e53fc-324a-4545-9a1a-4bd604e05328,Yes,Yes,Yes,No,Yes
58d736c9-bb70-4fb1-a016-27ac6acd2ca4,NA,NA,NA,NA,NA
59773121-b3df-46fb-91e3-5b3e81eef2a5,No,Yes,No,No,Yes
5a18f927-6c6f-486a-b2ff-9fc409e7c5b5,No,Yes,No,No,Yes
5a7ed13d-f686-42ee-a6a9-856bc6926df5,Yes,Yes,Yes,No,Yes
5a8f0074-c57b-47b6-87da-ac0d620621cf,Yes,Yes,Yes,Yes,Yes
5ac8a0ec-2b15-4a7c-a48c-8b27f9236e17,NA,NA,NA,NA,NA
5be80a2f-adc7-49ac-807c-d62a88f7f8e7,Yes,Yes,No,No,No
5cb80f35-9b91-4194-8117-cabe4d93ae48,No,Yes,No,No,Yes
5cd7a099-0759-4c0e-afde-5378334bf480,Yes,Yes,No,No,Yes
5d0464db-8691-406b-9c73-38c5cd49c6d0,No,Yes,No,No,No
6140f4f9-4ad8-407e-aba1-33a55fb9f08b,No,Yes,No,No,No
61e8158c-2e4c-444e-8d87-152334ac5bf0,Yes,Yes,Yes,Yes,Yes
623bdb2e-469a-4bfe-a96b-b534c3d65e50,No,Yes,No,No,Yes
62f9347a-0c94-4133-913a-4a88f17d4ebd,No,Yes,No,No,No
635b0bbc-d652-4825-8b54-8cbc7c0d98bb,Yes,No,No,No,No
644a7341-a3f9-498b-92a0-7ccec563f901,No,No,Yes,No,No
64535e8a-96d8-4420-b2ce-86ae7c31b86b,No,Yes,No,No,No
67dcf6d1-059c-46a1-adaf-21b73bd3775f,Yes,Yes,No,No,Yes
6936fee7-3542-4168-8587-2093f8432e3a,NA,NA,NA,NA,NA
693fc9bb-f408-447c-bd69-2c0e03a8b478,No,Yes,Yes,No,Yes
69459c12-d1a3-4aba-a060-f0db514619b8,No,Yes,Yes,No,No
697b5248-b59a-4a8f-b46d-a0e30622d805,No,Yes,Yes,No,Yes
6a4e1b4c-4e4f-4655-8d58-6eb5cda78465,No,No,No,No,No
6a8274c7-ad3a-4126-8683-44b36fd5974e,Yes,Yes,Yes,Yes,Yes
6b57f931-31a9-41bb-9882-3a2b23fefe0f,No,No,Yes,No,No
6ca62f03-dfee-4c3f-8dc9-a8aec0195216,Yes,Yes,No,No,Yes
6dbaa0d5-bde8-4cf8-8a66-5da54e097f1a,Yes,Yes,No,No,No
736d6890-043b-4b44-8c45-db0ed28feb52,No,Yes,Yes,No,Yes
737eb358-601c-4858-9402-ab6b093cf4af,Yes,Yes,No,No,Yes
755c1beb-c30e-4fb3-bfbd-30cc9c53b11a,Yes,Yes,No,No,No
7606c368-28f2-4844-a87a-c356c974bfa9,Yes,Yes,No,No,Yes
76543321-69c9-4834-90e8-87fced9e81fb,Yes,Yes,No,No,Yes
7788217c-89f2-4de2-83a0-e5926249f7c9,Yes,Yes,Yes,No,No
78b0344b-a6ab-4719-a3ca-f57523ee1fb8,No,Yes,No,No,Yes
79a9b52a-bf53-495a-acc1-0b04b26795c0,No,Yes,No,No,No
7aceeec2-292b-41a0-b620-5a7c3a2076df,Yes,Yes,No,No,No
7b07c1a4-f094-4781-a258-fb1ef40ac349,No,Yes,No,No,Yes
7ced1381-15a0-41af-a2f0-7b14130195e9,Yes,Yes,No,No,No
7e158683-6440-4a66-88d7-da53e758d757,Yes,No,Yes,Yes,Yes
7ed49bbb-f837-47b8-abc8-5da3498972d3,NA,NA,NA,NA,NA
7fae8a65-0716-410f-b4f9-8167696400ea,Yes,Yes,No,No,Yes
807b60a3-5627-4440-b532-ecba65584ea2,No,No,Yes,Yes,Yes
827019f3-9b7b-460e-90d1-ca0c111ead74,No,No,No,No,Yes
8311a010-31a1-4704-99ea-b66c76467b1d,No,No,No,No,Yes
836e4f78-64e7-45aa-8eac-2acd051e6bab,No,Yes,Yes,No,Yes
8536ef8d-0def-4433-81ae-fc55b08e3a8c,Yes,Yes,No,No,No
867ac10d-d440-492c-97fb-7db1a8298a9e,Yes,Yes,No,No,Yes
86ccbc8f-7757-472b-ac5e-9fb25e6ed2b7,No,Yes,No,No,No
87cf38de-9da9-4c04-9b20-768bd53d5a2a,No,Yes,No,No,Yes
89ba3c92-d83a-49c9-b683-7a79f188de77,Yes,Yes,No,No,Yes
89f9a62d-6112-489a-b3bd-d3d54a7b1ef7,Yes,Yes,Yes,No,No
8a156662-b9c7-4f96-907f-0ff85c331707,No,Yes,Yes,No,Yes
8ac30e84-b1e0-4bc5-b25a-c9591881679a,Yes,Yes,No,No,Yes
8adb7b5d-858f-4e22-add6-0812dc0040a9,Yes,Yes,Yes,No,Yes
8c6cb084-c0ee-401e-9b0a-4b171716537b,No,Yes,No,No,No
8d5f8375-e448-4c0a-bc51-4ba849549aa1,Yes,Yes,No,No,No
8dc2ac6a-18e6-438a-8338-db5521ed691c,Yes,Yes,No,No,Yes
901ba94e-7b69-4e37-b9b6-ccef74f1cd2e,Yes,Yes,No,No,Yes
902634ed-5859-461e-a0ff-1f8e66c514e2,Yes,Yes,Yes,Yes,Yes
90431e6e-9c8d-44ae-8507-d8ff106846b0,No,Yes,Yes,Yes,Yes
918a2945-2db0-4317-9f71-149fd1b67fdc,Yes,Yes,No,No,Yes
94a1f8e7-2da6-4dcd-87c2-7ac2c4f735cd,No,Yes,Yes,Yes,No
97615087-39e5-4492-967f-f978dc0fb80b,Yes,Yes,Yes,No,Yes
976e1d5c-49c9-4ed2-9b63-fd30afb8c464,No,Yes,No,No,No
97d42e69-c186-4f7d-9975-afc8ca682850,No,No,No,No,No
9889fe29-721a-4275-88ad-5d32d7f2454b,NA,NA,NA,NA,NA
997ffd6e-83a9-4b71-82c7-294b307d15a4,No,Yes,Yes,Yes,No
9987aa23-fb64-4cab-af9d-574edbc0a5c1,Yes,Yes,No,No,Yes
9a7a4d95-ba01-4ab9-9add-e3dd4c42cd8f,Yes,Yes,No,No,No
9b3fdf4c-83e2-4c5d-93e8-6cb443354e8f,Yes,Yes,Yes,Yes,Yes
9b5245de-5ded-4506-896a-e8937d20de44,Yes,Yes,No,No,No
9bdf5791-e5e2-4583-9891-5a7ff815cdc0,No,Yes,No,No,Yes
9c665eb3-3f9f-4bc8-91fb-3dcbd9f49cee,No,Yes,Yes,No,No
9e13bda3-b854-408f-9990-1944e1a0e995,No,Yes,No,No,Yes
9f2596eb-f1ff-4bdc-b7db-38cbd2754874,No,Yes,No,No,No
a169cd66-1380-4f0e-a822-eaaee861f801,No,No,Yes,Yes,Yes
a170b643-3b1b-447c-a6cb-ec99a21b6e45,No,Yes,Yes,Yes,Yes
a35ba413-4668-4add-afcb-4ebf52c7e3c1,No,Yes,No,No,Yes
a37912f2-c8e7-45ce-9b28-b890b8902ca3,Yes,Yes,No,No,No
a37d372a-2725-4157-8d7a-76b89badc1ef,No,Yes,No,No,Yes
a41ba757-696d-4006-ad53-f074ccda2da3,NA,NA,NA,NA,NA
a48cbba0-3a8d-4dfd-9821-8025948de1b3,No,Yes,No,No,No
a4edbdf5-c9e5-406d-83f7-7b1bc3f3c6e0,No,Yes,Yes,Yes,Yes
a58030d8-c739-494e-beaa-c2835ac03ae4,Yes,Yes,No,No,Yes
a70cee7f-f15d-4143-a941-f6a9821ce9c0,No,Yes,No,No,NA
a751cd11-1c92-45c1-b524-2e76c3471a1a,No,Yes,No,No,No
a8224307-83e9-4d86-aade-1c427c9616a6,NA,NA,NA,NA,NA
a84ecb39-c75b-46b7-8246-06b92c452620,NA,NA,NA,NA,NA
a9574099-625a-44b0-b558-3435df0cd607,Yes,Yes,No,No,Yes
aa273833-299e-45ee-84a4-e074ba56e65d,Yes,Yes,Yes,Yes,Yes
aa3507a6-abe7-4fd4-a563-f06aeff21864,Yes,Yes,Yes,No,Yes
ab1c9468-d7fa-4e5d-84d3-490ad11d2aa5,NA,NA,NA,NA,NA
ad70bb7d-64a4-4db6-ac76-c5092abddaeb,No,Yes,Yes,Yes,Yes
aec7e7f6-681c-43b0-a21d-32788990eb84,Yes,No,No,No,No
af1eff67-99d3-4185-8449-65699fdcefa6,No,Yes,No,No,No
aff97df7-78d8-41b1-adc9-90d8b03853ef,No,Yes,Yes,No,Yes
b224c856-fb57-49d5-9a7c-77213e20ade0,No,Yes,No,No,Yes
b27a4cbb-232f-43df-9976-0c3806b887e1,Yes,No,No,No,No
b2dc0d95-e2fa-4933-a478-ac551644e735,Yes,Yes,No,No,Yes
b3d0edc1-9116-4a17-a470-9690cb18371b,No,Yes,Yes,No,Yes
b4ce2dff-87a7-48d4-bfe1-ec37772510be,No,Yes,Yes,No,No
b5b1b951-4e8c-4636-b9e0-25d55bbc2d55,No,No,No,No,Yes
b5b6c5e8-064b-4aae-ae05-10a00f0a1c71,No,Yes,No,No,Yes
b68767d1-168d-4214-a7f9-df8eccef14d2,Yes,No,No,No,Yes
b6dada7d-628a-44c3-9aed-d4acd0324154,Yes,Yes,No,No,Yes
b73afed0-82fb-4b36-9bb0-0d3eaecf6013,No,Yes,No,No,Yes
b86cfa4b-891b-4513-ac14-c0f31eb20721,No,Yes,No,No,No
b961d7e8-12b1-4759-bcac-fe87b0ce85d1,No,Yes,Yes,Yes,Yes
ba5a7e5f-b30a-4962-8dff-fa1ee8c4d8bc,No,Yes,No,No,Yes
bbad956b-ff6b-49de-9fba-6179956df815,Yes,Yes,No,No,No
bc580b40-ab5c-4c84-b7d5-ab70c7bc107c,Yes,Yes,NA,NA,NA
bc6a26cd-d193-4559-b639-f594099b6312,No,Yes,No,No,Yes
bd1f061c-a302-4edb-9229-aa9fda633670,Yes,Yes,Yes,Yes,Yes
bf16db7e-6feb-41e3-a8d6-ee74337c6e28,No,Yes,Yes,Yes,Yes
bfd0320c-2dd2-4df2-b259-6f4361b63f95,No,Yes,No,No,No
c03f38ba-e458-4745-b122-9ee1b96f25c6,Yes,No,No,No,Yes
c050f666-0e48-45e2-86ae-ed7dcd382e6a,Yes,No,No,No,No
c0e65a5d-ed2c-47df-93d7-acb96dffdb3f,No,Yes,No,No,No
c15c83c3-0b30-4eaf-a0c0-4ef738941916,Yes,Yes,No,No,NA
c17b546b-1162-4c69-bb2a-f0e08db27d50,NA,NA,NA,NA,NA
c1cbac1a-6bd8-4471-a0ab-25bcb1309a62,Yes,Yes,Yes,No,Yes
c40bfd51-005b-4ebc-829b-3b70beee8cb2,NA,NA,NA,NA,NA
c659c355-c789-4f6f-9bf1-e69b2562f61f,No,Yes,No,No,No
c6cd7a0a-4e1f-4d03-b4fd-d3149f8b3b0a,NA,NA,NA,NA,NA
c71f8c7d-0b1d-45d5-b805-0b5529438d72,Yes,Yes,No,No,Yes
c7992e2d-b8af-4dae-9345-1d2673b58dd1,Yes,Yes,No,No,No
c9cee824-9ffc-4364-af8d-075139cc3cc3,No,Yes,No,No,No
c9e54514-2f44-44cb-a277-b31fb71f578c,No,Yes,No,No,Yes
ca9663f1-3325-4d3a-9785-03d8f62204fd,Yes,Yes,No,No,Yes
ccf0137e-8ab3-434b-affa-90a2864a7ac7,NA,NA,NA,NA,NA
ce692f3d-ec0e-42f6-aaed-17558a58f467,Yes,Yes,No,No,Yes
cf3c5373-ea99-4240-bb0e-85d640c81fc9,No,Yes,Yes,Yes,Yes
d0468727-ad17-4c5e-9879-e96246edaeee,Yes,Yes,No,No,Yes
d116a10e-af06-4390-af6e-1ba5eb8e062d,No,Yes,No,No,No
d1e433ea-eeb1-462f-bf05-df60e999ff2a,No,Yes,No,No,No
d23ed178-0596-4e1d-9429-645778415f27,Yes,Yes,Yes,Yes,Yes
d47f257b-e0aa-4046-8614-e74ea45602e0,No,Yes,Yes,No,Yes
d7538610-5598-4ad7-a856-be063a4243c7,No,Yes,No,No,Yes
d7f9168f-904a-46bb-9056-d0b4fcba82a8,Yes,Yes,No,No,Yes
d9017a88-6413-4a61-a69e-90d6b26b02ec,No,Yes,No,No,Yes
d9e2ff93-b97e-40a5-94c1-2873fbff0ee5,No,Yes,No,No,Yes
daefd4ed-b793-4d14-ae15-8116db5cd52c,Yes,No,No,No,Yes
daf822da-8e61-4856-a3fa-84471dd8d5e9,NA,NA,NA,NA,NA
db555fb8-b38a-40e3-bbb6-6f9b664496f8,No,Yes,No,No,Yes
db986c8e-b787-403b-8ed3-f9bb59bc50dd,No,No,No,No,No
dbcf3edb-e37e-4604-992a-21d4659993f3,No,Yes,No,No,Yes
dc7e3670-aa73-46d0-ad62-1fb5c76e3267,No,No,Yes,Yes,Yes
dcff33a9-c6b0-4404-90b0-ffd773c1d17b,Yes,Yes,No,No,Yes
de4cea70-f019-4eb1-bf01-070df5cf0c90,Yes,Yes,No,No,No
df5183e6-f578-4211-943d-d0fb9ac7bcbc,Yes,Yes,No,No,Yes
dfc8e081-736c-491d-a91f-357b918647ff,No,Yes,No,No,Yes
dfffa1fe-360f-46ad-948c-b22037ae41d0,Yes,Yes,Yes,No,No
e12bdf81-4856-4a67-b568-3207369417c0,Yes,No,No,No,Yes
e28df5bd-4689-43e7-a05d-d588ebf285ba,No,No,Yes,Yes,Yes
e3235a45-9565-4f5a-944f-8fd7f418ff3c,Yes,No,No,No,Yes
e3547be9-d057-43d0-bb66-f634424e5299,No,Yes,No,No,Yes
e499383c-a295-42b0-9fb4-7b10551dbdb7,No,No,No,No,Yes
e53d440f-3737-4370-ad93-5a77ea237540,Yes,Yes,Yes,No,No
e55e512a-cc70-4058-b5df-6d2533304366,Yes,Yes,No,No,No
e58864b3-4ee5-42cb-842d-96d71cbdcdce,Yes,Yes,No,No,Yes
e642cb31-efdc-4e20-98f3-0cc57d05d1ac,NA,NA,NA,NA,NA
e6486f11-65ef-49f0-9544-db4a08361f74,No,Yes,No,No,No
e6b189c4-e96e-46c1-ab5e-e59def2f4ad0,No,Yes,No,No,No
e7214e58-3356-4b36-bb3d-18b5e4e0c9c8,No,Yes,No,No,Yes
e8d13413-d08f-4f63-93e4-85564b322d63,No,Yes,No,No,Yes
e9c499d7-e25e-41d1-99a9-0c2fce1c8723,No,Yes,No,No,Yes
eace2301-64a6-4bbb-852d-725bb0e530df,NA,NA,NA,NA,NA
ebd62e26-24ee-417e-bd82-b2fe08f8cf3f,Yes,Yes,Yes,No,Yes
edadc9b9-fbca-49b8-a484-48ec3fd461ab,Yes,Yes,Yes,Yes,No
edf24c26-1d05-4d83-8404-0a6d60f73717,No,No,No,No,No
ee916c34-94b7-4c0b-a401-1d2218894e8c,Yes,Yes,No,No,No
f006bb16-3a13-4dae-85d9-db911d9e3ffd,Yes,Yes,No,No,Yes
f124c5fd-215a-4720-8197-cd7bb2a272a5,Yes,Yes,Yes,Yes,Yes
f417f4eb-63b0-4e58-87b6-c735b38feb18,No,Yes,Yes,No,Yes
f74f1d3e-a981-4d12-bb10-a3ecdf5c7d06,NA,NA,NA,NA,NA
f818644e-f9e7-4fdf-8cdf-b7ad1ad79dcc,No,No,Yes,No,No
f8587548-1cdf-42e4-936a-491c08c7bac9,No,Yes,No,No,Yes
f8b41942-563b-413e-a03b-e20da3e7688f,NA,NA,NA,NA,NA
f9b67b5f-1317-43f3-94df-2f51761470f6,No,Yes,No,No,Yes
f9c5d409-dce5-4eb5-81d8-b636dd74de6c,Yes,Yes,Yes,Yes,Yes
fa7bb5a4-5681-4666-8f3e-0eb63c570b9d,Yes,No,No,No,No
fb8d3a93-86a9-4ce2-b0d7-352b2eaa6703,No,Yes,No,No,No
fc39c573-bc9f-4e10-a917-6d1f198c0e02,Yes,Yes,No,No,Yes
febb6008-e1d2-49c0-830a-9cf804869153,NA,NA,NA,NA,NA
ff709103-09d3-4aba-953c-3ff4c177fe0d,Yes,Yes,Yes,No,Yes
ffa6c0d5-b747-4fda-8444-dc9630588eb2,No,Yes,No,No,Yes
034d68cb-1750-4757-8728-d1f8d83aafc7,Yes,Yes,No,No,No
048f994a-c0fb-486b-85f7-b6200f829837,Yes,Yes,No,No,Yes
049eb5cd-a512-42b5-8fe9-d59996029efb,No,Yes,No,No,No
056766ef-9288-4213-bf0c-69e14c37b91a,Yes,Yes,No,No,No
057c40a7-b640-4465-95ba-15db04f3c0d9,Yes,Yes,No,No,No
0ae2e289-5af4-49da-84bb-ac09e45fb4da,No,No,Yes,Yes,Yes
0bd20762-d170-4219-9076-60051ae32c2c,No,Yes,Yes,No,No
0e875358-a80a-4043-ad9d-265d1adf5699,No,No,No,No,No
0eb044b8-d941-46db-ae79-306fe11c4a96,No,Yes,No,No,No
0ecfef75-84f1-4a89-9a0e-badea93d2ed8,No,Yes,Yes,Yes,Yes
0f56621b-fab6-4261-8e87-58e9b52ec2fb,NA,NA,NA,NA,NA
1342200f-7257-4052-8e32-738d9fda2829,Yes,No,Yes,No,No
1508e91d-91ba-4145-8cd7-36fc2e79428c,No,Yes,No,No,No
165b94dc-6b37-455b-bf3b-a33e38d400af,No,Yes,No,No,No
17bfdff8-6e38-4d22-89f9-45fb0497ff74,No,Yes,No,No,No
18508729-d1e0-4fbe-bfe5-69d64c230118,NA,NA,NA,NA,NA
189318ac-6c64-48fa-aef0-45bf2da37924,Yes,Yes,Yes,Yes,Yes
18bb2a0e-1d95-4e84-818b-4c48c450037c,No,Yes,No,No,No
19463eef-06da-4e16-8540-d7d30be27f2b,No,No,No,No,No
1b011bb6-c377-44c6-bdac-f98a30ad8db1,No,Yes,No,No,No
1c40b147-8c16-4f2a-96bc-ba43b0153d57,No,Yes,No,No,Yes
1cebda0a-b69d-4a64-8409-2865acb9a9f0,No,No,No,No,Yes
1d8102d9-6a04-4f59-9234-02f1a8a2b40b,No,Yes,Yes,No,Yes
1d8ca67a-2e60-4db1-8935-27b599dddbc3,No,No,No,No,No
1db46bb7-92de-4918-80e5-727cd548598b,No,Yes,No,No,Yes
1e161bc1-4f3e-4fb1-89c0-01d551a8a926,Yes,Yes,Yes,Yes,Yes
1eda2000-f78f-4c94-8dc4-b1e31178c7a4,No,Yes,No,No,No
1fae02f1-f996-4d62-8758-2dd0f584b60c,Yes,Yes,Yes,No,Yes
22490c09-36ad-4c5e-97e5-24b2d074d889,No,Yes,Yes,Yes,Yes
2405c25f-7861-4a36-9944-01fde769320c,NA,NA,NA,NA,NA
25abc75b-6301-4a18-b398-a879dc6c56b2,Yes,No,No,No,No
2708966f-e3b5-4f11-bdb9-1043c88b3240,Yes,Yes,No,No,No
282dc7b1-61c6-4050-8ff0-2813f8bdaeb4,No,No,No,No,Yes
2860e801-ce32-442e-bcf8-97716b2e7cbf,Yes,No,Yes,Yes,No
2b3144b2-29d2-45e5-8bb4-20161151a0e3,Yes,Yes,No,No,Yes
2bb7a1c6-82e0-44ea-a1ec-1db344081a10,Yes,Yes,Yes,No,Yes
2c7ed668-486f-4c42-b54a-0398ff3ced11,Yes,Yes,No,No,Yes
2d4e1896-451e-4989-9443-20f601d5ff6f,Yes,Yes,Yes,No,No
2dea9c31-f6f0-4b85-bbae-a3d1153ffc2a,No,Yes,Yes,Yes,No
2f2db74b-3d09-4e83-906c-aa5a495c6049,No,Yes,Yes,No,Yes
2f6bccd6-91cb-4d8a-8e84-f79dd4e9aa1e,No,Yes,No,No,Yes
305f6a14-ec7f-433d-86d1-1568aafba0cc,No,No,No,No,Yes
31402277-efd8-4ff6-8ce3-e422624d20b8,NA,NA,No,No,No
32486e2d-8238-41f5-b8b9-78161a0f835b,No,Yes,No,No,No
32a6bcf5-07fc-46db-a3d2-a0163ab68a3e,Yes,Yes,No,No,No
32b812ae-6545-4116-8e49-d21e1331613d,Yes,Yes,No,No,No
32cb6390-0233-464b-92d1-f64b06936990,No,Yes,No,No,No
3423c371-87ab-4cb2-8284-fd98f2c82235,No,Yes,No,No,No
344308b6-7baf-4fa6-9c0b-16a87645c444,Yes,Yes,No,No,Yes
35ec2ab2-04ce-485d-9d25-8f9ebcdecfe5,NA,NA,NA,NA,NA
36484742-c67a-43ee-af9f-09122fe90c2a,Yes,Yes,No,No,No
364f91ea-b13e-4a0f-8b71-830522033032,No,Yes,Yes,Yes,No
365dd89e-c0d4-4b6d-a8d3-7cb3a5763314,No,Yes,Yes,No,Yes
369e3516-cac9-4edf-ba58-4efe714cb369,Yes,Yes,No,No,No
3731b5f8-e7ea-4a75-9966-cbdfc34e48a8,No,Yes,Yes,No,Yes
375e14c9-e69f-42b6-88ef-29408781b38e,NA,NA,NA,NA,NA
38d5ac8a-70e2-4472-a7df-5a7c5fe8980a,No,No,No,No,No
39007dc4-8efb-4eca-ac3b-6f2bec9b8549,Yes,Yes,No,No,Yes
39cd5c04-4874-4a7e-9b0b-90aa2770e22f,No,Yes,Yes,No,Yes
3a9e6789-7edb-4f60-8535-1c0dc3b46fec,Yes,No,Yes,No,No
3b2a08ea-f8e3-4919-bd84-ce8c5993942a,No,No,Yes,No,No
3bde87e6-948d-4e71-915b-2ebcdaa342b6,No,Yes,No,No,Yes
3d5b1744-4b46-47f6-be04-17fe0449ef54,NA,NA,NA,NA,NA
3dfa7953-e051-424f-adfd-c416bfb1284a,No,Yes,No,No,Yes
40c9ab7d-560a-4a8d-9273-8d54ea84be04,No,Yes,No,No,No
40d48ace-657f-4270-9ffd-be119cb351e9,NA,NA,NA,NA,NA
41871673-7d9e-4ea3-b9a0-8ed542194667,No,Yes,Yes,No,Yes
423c9faf-8c92-4870-9ba5-4ee334cde1ab,Yes,Yes,No,No,No
4323c0e5-5fb5-436f-b23f-625fbef33855,Yes,Yes,Yes,No,No
464a7237-8be0-41fa-8b56-25370cd51d57,No,Yes,No,No,No
46619ef5-d3a4-4bac-b1b1-93d688bdff31,No,Yes,Yes,Yes,Yes
467b7a6b-e9be-4e60-8df0-64d9d5620252,No,Yes,No,No,No
46960b9e-5c2e-480e-a5c7-8843ca6c3b56,Yes,Yes,No,No,Yes
47669039-bfed-4ade-99f2-ac3dfc20d9bc,NA,NA,NA,NA,NA
47f4e139-b7dc-45ec-92d9-1aaab7fa077f,No,Yes,No,No,No
48c14976-cec0-4a77-b618-99bcdc0a4aaf,NA,NA,No,No,No
49ae88b5-fab7-4e9f-a66c-fb6824c9d9ec,Yes,Yes,No,No,No
4e9614b8-af35-40d2-8eb7-576fe527e50e,Yes,Yes,No,No,No
4eabed0a-d522-4f90-af9e-e06c0ca6db9a,Yes,Yes,Yes,No,Yes
4f8f9e82-f39e-43d3-8483-0672a129859e,No,Yes,No,No,No
4fa975c4-9b18-4ee9-b2ae-0411ab8622e0,Yes,Yes,No,No,No
50d1016b-3d48-4a22-8baa-5e26d23a566f,Yes,No,No,No,Yes
51186a7a-dc59-4ec3-89ae-37375f417d66,Yes,Yes,No,No,Yes
51a16f2a-56aa-4c80-8092-c8748e9bf440,Yes,Yes,Yes,No,Yes
51d49862-02f6-48e7-bb5e-d8d7d3ffcf8e,Yes,Yes,No,No,Yes
549ab1e3-5af7-42ec-b4af-7dd853a77580,Yes,Yes,No,No,Yes
54c5aac5-cf94-41f6-b55c-84ad5f7a2c95,Yes,Yes,No,No,No
55813d07-4e7e-4ed6-8215-bdf10c6f9099,No,Yes,No,No,No
56b70673-cc87-4a19-a50b-f1ffb28a33be,Yes,Yes,No,No,No
571c5150-cbd8-4292-a398-02163b18d890,Yes,Yes,No,No,No
5755bbae-9655-49d8-bb5f-903e46632be3,Yes,Yes,No,No,Yes
5afd147d-50b5-4433-b0b5-ad8682a7513f,No,No,No,No,No
5bf65b69-a864-4430-97be-94f733828dd2,No,Yes,No,No,No
5d9918b1-46ba-4252-84eb-1c668452431b,Yes,Yes,No,No,No
5e239982-d965-43d1-a8c3-104fb2d5b8f0,No,Yes,No,No,Yes
5e3f8c33-1442-48ef-b0d5-cec202845d72,No,Yes,Yes,Yes,No
60049d64-35e0-4b60-98ae-ba0633479760,Yes,No,Yes,No,Yes
620f391a-fa6a-4e5d-9912-8239504ef5fa,No,Yes,No,No,No
6630abc1-9084-40ed-93bb-8afd4bca7ee8,Yes,Yes,No,No,Yes
667a5e6b-e4a0-41d5-9655-648e9571208e,Yes,Yes,No,No,No
6782ff6d-1dd8-4bc6-a9f1-9d75fd73d401,Yes,Yes,No,No,No
678af765-7d5d-489b-8b4c-a3a480e6acfb,No,Yes,No,No,No
68222cae-f8f9-423e-bd5e-1792dcff7416,NA,NA,NA,NA,NA
6854cb82-6075-476f-ab2f-ddaea64928a3,No,Yes,No,No,Yes
68744b64-1456-4149-8958-fa6dce8c70f3,Yes,Yes,No,No,No
687e9ca8-4fb7-4062-8a8e-fe6aa0996eb3,Yes,Yes,No,No,No
6bbdcafe-c005-4f4a-9e8b-7a5ab5d2036a,No,Yes,No,No,Yes
6cfda196-737a-426d-8951-181bdd3c0a58,Yes,Yes,No,No,Yes
6db71ea7-901b-4bb7-98c4-1c7bac952cf1,NA,NA,NA,NA,NA
6e3e198f-7499-42b9-abdd-2da049da4937,NA,NA,NA,NA,NA
7039f428-b327-460d-a48c-b9d15532704e,NA,NA,NA,NA,NA
70623fc5-9b5d-4c1d-aa81-a3d9a0fca9f6,No,No,No,No,Yes
7397e904-a9f7-4735-bb17-5ad8bbf1e245,NA,NA,NA,NA,NA
75536841-8247-42dc-a257-f63966016025,Yes,Yes,No,No,No
78f84564-4a66-45fa-9bd7-33ec91fc339a,Yes,No,No,No,Yes
79f2b4f1-72f6-47a5-b97b-92954274fcd5,No,No,No,No,Yes
7b6739b6-dfbd-4794-99f7-ac583fbccaaf,Yes,Yes,No,No,Yes
7be45052-3fc9-4101-89a2-0919ae556e50,No,Yes,No,No,Yes
7cac5662-6d61-4bb7-88c7-4c61259278cb,Yes,Yes,No,No,No
7cedd253-fd31-4ccd-942a-883a3b837f37,Yes,Yes,Yes,Yes,Yes
7ff2ab2a-7966-49be-af47-ab0c054817f6,Yes,Yes,No,No,Yes
806113c5-5ab3-4f2f-952a-0ff54e874ace,No,No,No,No,No
807ff71f-dc31-4d8d-a1ab-188b470126a0,No,Yes,No,No,Yes
809ec560-f8d6-4d35-aae2-63301dc0bca9,Yes,Yes,No,No,Yes
8130cbb7-94e9-47e9-bd2e-0a353e85c132,No,Yes,No,No,No
81bd4672-47c2-4a5a-8aa4-1d23266be809,NA,NA,NA,NA,NA
82d26872-2d2f-4764-9564-9177ec52b7d6,Yes,Yes,No,No,Yes
83c34b5f-9d88-407a-a896-c47518dc84ec,Yes,No,No,No,Yes
841c315b-30ae-42ae-b1b9-e38ccf9271e2,No,Yes,Yes,Yes,Yes
8636a283-81f9-4b24-bcc0-a2b04ad9a341,No,No,No,No,Yes
87cf76cb-69f2-48e3-843d-78545caf2f4e,Yes,Yes,No,No,No
88fe36f9-a18a-4bc8-990c-0d34efddea6a,No,Yes,No,No,Yes
8bb53a56-f48d-4453-aebf-04fba319dadd,Yes,Yes,No,No,Yes
8dca8c23-772b-4fbd-8601-6c209b39d12e,No,Yes,Yes,No,Yes
8e8ed186-bdaa-479c-97b7-9241c664c24f,No,Yes,Yes,No,Yes
8ec845fb-dc6e-400a-be81-735d91f15371,No,Yes,No,No,Yes
8f039c57-5d14-4790-94fd-77ffbc6fbf98,Yes,Yes,Yes,Yes,Yes
9261c8d9-f8f4-403f-b135-5482da8bf01c,NA,NA,NA,NA,NA
93a3d0fb-4049-4464-87a6-b3280f18f241,NA,NA,NA,NA,NA
95406948-ad13-4d7e-82eb-d057877b7cef,Yes,Yes,No,No,No
95515f1c-af06-4f87-a7b4-e4639644dce1,No,Yes,No,No,Yes
9570af2c-b334-4701-83c4-a4f1a5cc9018,Yes,Yes,No,No,No
9710f85a-2432-419a-8bf2-035f2cd6291c,No,Yes,Yes,Yes,Yes
98ba17dd-0d31-4efe-833f-3323bc18a80e,Yes,Yes,No,No,Yes
99278199-4117-4567-8124-58cabcdfbbaf,Yes,No,No,No,No
99e7782b-5107-42c6-9977-86014d7cb998,No,Yes,No,No,No
9a171709-de5d-4553-a318-457d76d3c0f6,No,Yes,No,No,Yes
9b00b8b0-4cf1-40ee-b96a-a5a12febaddc,NA,NA,NA,NA,NA
9b741179-9a70-47f8-91b8-9702a22d41c8,Yes,Yes,No,No,No
9d06e9b6-5221-4b63-8c81-254e4c79a841,Yes,Yes,No,No,Yes
9d81dd5f-0d16-41b7-a1a4-7a7584dbacd1,No,Yes,No,No,No
a0d420f5-2ecd-4a46-b0d5-b193e9448da8,No,Yes,Yes,No,No
a0f1d058-b2ac-4fe4-a351-e35b87e40934,No,Yes,Yes,Yes,Yes
a4f9f082-7971-45c0-9b26-a05b657ee296,No,Yes,Yes,Yes,No
a58fcec0-2227-4c63-b3c2-a8995dd5d388,No,Yes,No,No,Yes
a5b6dee8-5f31-46fe-aaf4-265bb6dd0de0,No,Yes,Yes,No,Yes
a6cb48b9-8f34-4551-b544-f556f19ab464,No,Yes,No,No,No
a73d6849-3348-4358-844b-20a2b9939110,No,Yes,Yes,Yes,Yes
a7925712-fab9-4ace-aab6-35f67b66ecea,No,Yes,No,No,Yes
a7ddf701-1ad7-4584-a6ea-0b2d3aa250fa,No,No,No,No,No
a8e20c7e-5f3c-47af-b779-545c1c55c612,Yes,Yes,No,No,No
a92eace8-f16a-4868-ac3e-b7d4ac5de6fd,No,Yes,No,No,Yes
abe8e882-f88a-408d-9c2d-23f89dc6b899,No,No,No,No,Yes
ac43d925-434b-4860-97e1-a8966af87510,Yes,Yes,No,No,Yes
ac6ca1fb-32aa-4dfa-945e-791589dfc1e5,NA,NA,NA,NA,NA
ac8813e5-f556-49a5-aaee-f91528a41730,No,Yes,No,No,Yes
ad194d75-fd8a-4a2d-963a-b9eaae14ae21,Yes,Yes,No,No,No
ad5644c6-a242-4bf8-b40d-cfc4a05ec15a,No,Yes,Yes,Yes,No
af2c7724-155f-477f-a157-3521e0ae3e1f,No,Yes,Yes,Yes,No
af87c022-ece6-4be3-ba86-67433f2a0f62,Yes,Yes,No,No,Yes
af913378-9468-4563-8ab7-b85f6c9d07fc,No,Yes,Yes,No,No
afd2d204-fb8b-4f64-9fcf-bc98b2ec6253,No,Yes,No,No,No
b1433e2a-9b43-4a02-aa0b-a92885cfb519,No,Yes,No,No,Yes
b14c007c-ddd1-4073-9167-eeca8fd993e7,No,Yes,No,No,No
b160aff6-ac0a-4cbe-bf05-20ecb04e0214,Yes,Yes,Yes,No,No
b1c2642f-5e03-4ddf-9178-9e3bc677f66e,No,Yes,No,No,Yes
b235c835-9daa-457c-b34b-09a7bd252b7c,No,No,Yes,Yes,Yes
b327a7f2-e74b-4232-90d1-21aa77406488,No,Yes,Yes,Yes,Yes
b43b4bb0-9c07-49d5-9119-387f55e66a7d,Yes,Yes,No,No,Yes
b49c8b9b-4a25-47ea-b97f-64c15fad8f32,No,Yes,No,No,Yes
b512deea-4b1a-44cb-a148-09bd24b0b59f,Yes,Yes,No,No,No
b5927aec-f3c6-4a8f-a3d4-1aba9b44a0b0,No,Yes,No,No,No
b5ab5d1d-5c6f-4621-95bd-976c3f264d5b,No,Yes,No,No,No
b6c64d90-1bf8-4807-971e-b763f3726c72,Yes,Yes,No,No,No
b86f4688-f11a-4de1-9565-410b78ddd3f4,Yes,Yes,Yes,Yes,Yes
b8d08b16-5f93-44aa-aa2b-877c2589dfb1,NA,NA,NA,NA,NA
ba30463f-529e-47bc-ba7a-a9133b84bb65,No,No,Yes,No,Yes
ba57dbdd-ba5f-4422-8a9b-4a4dc742e866,NA,NA,NA,NA,NA
babb7b14-496b-4d1c-8ddc-eb18e364b549,No,Yes,Yes,Yes,No
bbdf587b-1f20-4e71-8a16-33ad65d61a6c,Yes,Yes,No,No,Yes
bc2f4e5b-0ac0-40ac-8bf3-13874ae4da06,Yes,Yes,No,No,Yes
bef70e47-b770-4648-84cc-86d2427fc29c,No,Yes,Yes,Yes,No
bf19c63c-677d-4dad-8f6d-6a963554d868,No,Yes,No,No,No
c08dc4fb-4f02-4fd0-860c-e81520d641fd,Yes,Yes,No,No,No
c38a54f6-1370-4cc3-a522-507e007263ec,Yes,Yes,Yes,No,No
c3d3f74b-fc9e-4d65-8c9e-a17142639c9d,Yes,Yes,Yes,No,No
c4f0299e-a514-4f1e-8c65-dd4a9e24eae3,No,Yes,No,No,No
c6018b44-1873-4fdb-917c-465300bb335c,No,Yes,No,No,Yes
c6566a60-68ff-4cb0-a32a-a224e98b2b94,Yes,Yes,Yes,No,No
c9357e97-56fc-4915-b8be-b27a66cb62f7,Yes,No,No,No,Yes
c96bc549-4ceb-43cd-9b94-7a6cab49a81b,Yes,Yes,No,No,Yes
ca48eebf-15cd-4815-afd7-53a982aecaa9,NA,NA,NA,NA,NA
cb1af29a-4bc8-4c34-8aa9-70cade170a8b,Yes,Yes,Yes,No,Yes
cb68c94c-56db-460e-9347-9fe3bdd73f49,Yes,Yes,No,No,No
cbb15046-9c7d-4b09-8e4f-19e17940dccf,Yes,Yes,No,No,Yes
ccc59f08-b747-4480-8159-54f968bc3383,Yes,Yes,Yes,Yes,Yes
cfc48df1-59c9-4335-9e47-3976cc3d2c81,Yes,Yes,Yes,No,Yes
cfc49502-e7a5-4084-8949-300d5616494d,No,Yes,No,No,No
cfd404a7-1c10-4ec1-ba57-51d6ed257632,No,Yes,No,No,Yes
d02ad865-8047-4a6b-ad48-2db5cce644a2,Yes,Yes,No,No,No
d10b17bd-13ae-462d-96e4-f5649a111a6c,NA,NA,NA,NA,NA
d16d4c07-9f5e-4d5c-8c2b-1c91a811958e,No,Yes,No,No,No
d2f93304-bf68-40c1-a5c8-fe6334167ae8,Yes,Yes,Yes,Yes,Yes
d2fc6a44-4df4-4383-abd1-b4dbe22a338b,Yes,Yes,No,No,No
d44a384e-f584-45d7-90c9-bea797459c6d,NA,NA,NA,NA,NA
d53d2c72-3219-437f-a6d0-f85982b9cc19,No,No,No,No,No
d555c873-c1c7-4d42-98c0-d035bfe4e474,No,Yes,No,No,Yes
d71b6982-42d8-407d-a3ec-5b80a6b3f964,No,NA,Yes,No,NA
d8f9be17-dc1e-4988-bd42-c1b8bf53e088,Yes,No,No,No,Yes
d93a604c-4253-4895-af89-75a06c004f43,Yes,Yes,No,No,Yes
da987529-7b1f-490b-bd21-d846e8b5701c,No,Yes,No,No,No
db2638ab-7c69-4366-8b5e-024a40c4de76,No,Yes,No,No,Yes
db32c7bc-a5f1-45f5-91ce-c64f8a85c910,No,Yes,No,No,No
dbb4255e-1734-457a-9da6-1a9486e4b990,No,Yes,No,No,Yes
dbc303af-1499-4ceb-9be5-4c5ae915106d,Yes,Yes,No,No,No
dc61ea42-40c1-4183-805d-2086e342fda8,NA,NA,NA,NA,NA
dd93246d-dd25-467b-a135-f345005ab23b,No,Yes,No,No,Yes
ddedfacb-3376-4596-b9e0-c69e4a277c64,No,Yes,Yes,Yes,No
deef6805-d6f1-482d-88aa-27bde4ffc76c,No,No,No,No,No
e0c8adb5-6ed8-47c2-8b3b-715fe6f8cc97,No,No,Yes,No,Yes
e1c1f450-29f6-454d-8694-3ad2a6a0cb52,Yes,Yes,No,No,No
e1c82918-b3c6-4e5f-8813-4b6995cafcdc,NA,NA,NA,NA,NA
e2360414-f979-4f77-bc74-ca23cb57d185,No,No,Yes,Yes,Yes
e3300917-600f-4f29-a78c-bda97595afda,No,Yes,Yes,No,No
e4c26da2-7a57-49ac-a7dd-ecdd9442da6a,Yes,Yes,Yes,No,Yes
e6978f86-6b06-47c4-9293-9b894780696f,Yes,Yes,No,No,No
e717d947-6b9e-47c7-890c-d7c18483fc96,No,Yes,No,No,No
e751da76-5fd5-458c-8df5-b02308a1021b,Yes,No,Yes,Yes,No
e7c41069-f49f-4f2a-adc6-2f38aebbd938,No,Yes,Yes,Yes,Yes
e8c9c106-977b-4e8f-9603-1c616b9b5421,No,Yes,No,No,Yes
e94b791f-5155-464c-b18f-eca419661c0e,No,Yes,No,No,No
e94b85d3-21a1-4e57-838e-17a03d8034c5,No,Yes,Yes,No,Yes
ea49d5f6-908f-4e7b-9539-b96b722738ac,Yes,Yes,Yes,No,Yes
ea7b4ffb-d4db-47de-ba66-c1a4bfdb7193,Yes,No,Yes,Yes,No
eaea7b6a-b5c1-47fe-baf6-711cabe3dd2a,No,Yes,No,No,Yes
ec401810-37fb-40c9-be78-bbc01b720a69,No,Yes,No,No,Yes
ece57147-1846-45c1-914a-7873d80426e7,NA,NA,NA,NA,NA
ed5aec8f-c3b3-4321-8242-7b26719684b2,Yes,Yes,No,No,Yes
ee928178-9ceb-48e5-8f91-d824dde8490a,No,Yes,No,No,No
eec9bc64-b070-49e4-a644-1d58ef630801,No,Yes,No,No,Yes
ef0c0b1e-159a-45f8-a7e6-b4294cdfc996,NA,NA,NA,NA,NA
ef2a8667-dbaf-4121-9a75-d027cde7b6b7,NA,NA,NA,NA,NA
efcbede2-3d36-4167-a9df-1ecf934c3288,Yes,Yes,No,No,No
f1b58526-994a-49bd-a737-2d2ac7967040,Yes,No,Yes,No,Yes
f209b586-d8f0-454d-8390-6e1df959d7e5,No,Yes,No,No,No
f31700f7-0e0e-4653-a517-caa8c86f4a55,No,Yes,No,No,Yes
f410bab2-e929-4199-84c2-e3c2a035f5a2,No,Yes,No,No,No
f443bd8a-73f3-43fe-9693-d3da94512389,No,Yes,No,No,Yes
f5cfe156-1e47-4f3f-95cc-ac7ad01c6f73,Yes,Yes,No,No,Yes
f6eea0b2-f3ae-4a54-b97b-2b066f772e61,Yes,Yes,No,No,No
f6f29a4f-d355-4c94-a4d5-596056de1ad9,NA,NA,NA,NA,NA
f7cae38d-42f0-4046-9aa1-22cfa28ca8ed,No,No,No,No,No
f82c261e-01fb-490b-adda-20d2d87553c6,Yes,Yes,No,No,Yes
f95b8720-cd7f-4443-9ffb-f7af2466d24d,NA,NA,NA,NA,NA
f97fef07-23d6-4225-8516-8bc41747b64d,Yes,Yes,Yes,No,Yes
fa2ffcfe-2944-46f3-930a-f5cbc2f930d8,Yes,Yes,Yes,Yes,No
fbed0cc3-52e6-4490-bda4-1a37b4d8f97f,No,No,Yes,No,Yes
fd39cfa4-1069-4059-af16-dd455c59e689,No,No,No,No,No
fd8d4625-273d-4b86-8fdc-418d781c68ed,Yes,Yes,No,No,Yes
fe31ce41-e503-4757-bc88-bbcd74c102cd,Yes,Yes,No,No,Yes
fe87d605-6ff7-4223-aed9-ad99d30e6976,Yes,Yes,No,No,Yes
ff04fc52-72fb-4ac2-9ad8-f93301ae4f8e,Yes,No,No,No,Yes
ff2517c7-2298-4fbc-9fd2-d1c3c4ef0150,No,Yes,No,No,No
ff9b201a-359c-498d-a7b3-30a22785d9a8,No,Yes,Yes,No,Yes
